beam_id,title,category_main_group,category_sub_group,category,categories,address,street,city,state,borough,neighborhood,postal_code,country,address_verified,latitude,longitude,timezone,phone,price_level,business_status,has_open_hours,has_price,census_place,verified_census_city,beam_location_name,beam_state_code,beam_country_code,website_protocol,website,website_normalized,website_domain,website_domain_tld,website_domain_age,website_domain_registered,website_domain_expires,website_domain_registrar,emails_list,emails_list_website_domain,emails_count,emails_deliverable_count,emails_risky_count,description,has_about,has_description,rating,reviews_total_count,reviews_per_rating,service_options,highlights,popular_for,accessibility,offerings,dining_options,amenities,atmosphere,crowd,planning,payments,children,has_popular_times,has_website,has_email,has_social,has_phone,socials_count,first_social_post_date,last_social_post_date,first_social_post_days,last_social_post_days,social_post_count,first_social_post_days_min,first_social_post_days_max,last_social_post_days_min,last_social_post_days_max,social_profile_instagram,social_username_instagram,social_profile_facebook,social_username_facebook,social_profile_twitter,social_username_twitter,social_profile_tiktok,social_username_tiktok,social_profile_linkedin,social_username_linkedin,social_profile_youtube,social_username_youtube,social_profile_github,social_username_github,social_profile_snapchat,social_username_snapchat,social_profile_pinterest,social_username_pinterest,instagram_followers,instagram_engagement_rate,instagram_engagement_rate_1m,instagram_engagement_rate_3m,instagram_engagement_rate_6m,instagram_engagement_rate_12m,instagram_post_count,tiktok_followers,tiktok_video_count,tiktok_heart_count,tiktok_engagement_rate,tiktok_engagement_rate_1m,tiktok_engagement_rate_3m,tiktok_engagement_rate_6m,tiktok_engagement_rate_12m,menu_link,order_links,reservation_link,last_updated_at,beam_cross_social_market_penetration,beam_cross_velocity_quality,beam_cross_social_urgency,beam_cross_per_capita_engagement,beam_cross_market_saturation_lead,beam_cross_population_adjusted_rank,beam_cross_demand_gap_index,beam_rating_score,beam_review_confidence,beam_rating_health,sentiment_avg,sentiment_avg_30d,sentiment_avg_90d,sentiment_avg_180d,sentiment_avg_360d,sentiment_percentile_1km,sentiment_percentile_5km,sentiment_percentile_10km,sentiment_score_90d,sentiment_score_360d,sentiment_positive_pct_30d,sentiment_negative_pct_30d,sentiment_neutral_pct_30d,sentiment_positive_pct_90d,sentiment_negative_pct_90d,sentiment_neutral_pct_90d,sentiment_positive_pct_180d,sentiment_negative_pct_180d,sentiment_neutral_pct_180d,sentiment_positive_pct_360d,sentiment_negative_pct_360d,sentiment_neutral_pct_360d,sentiment_trend_30vs90d,sentiment_trend_90vs360d,sentiment_diff_30vs90d,sentiment_change_360d,sentiment_diff_90vs360d,sentiment_change_pct_360d,reviews_count_30d,reviews_count_90d,reviews_count_180d,reviews_count_360d,review_growth_pct_180d,review_growth_pct_360d,review_growth_pct_90d,beam_score_overall,beam_popularity_percentile,beam_social_presence,beam_data_completeness,beam_price_value,beam_data_freshness,beam_rank_city_category,beam_rank_city_overall,beam_rank_city_reviews,beam_rank_state_category,beam_rank_state_overall,beam_rank_state_reviews,beam_rank_country_category,beam_rank_country_overall,beam_rank_country_reviews,beam_rank_place_global_category,beam_rank_category,beam_rank_competition_1km_category,beam_rank_competition_1km_total,beam_rank_competition_1km_reviews,beam_rank_competition_5km_category,beam_rank_competition_5km_total,beam_rank_competition_5km_reviews,beam_rank_competition_10km_category,beam_rank_competition_10km_total,beam_rank_competition_10km_reviews,beam_export_rank,total_city_category,total_city,total_state_category,total_state,total_country_category,total_country,total_category_global,beam_competitors_10km_competitive_strength,beam_competitors_10km_competitor_avg_sentiment_30d,beam_competitors_10km_competitor_avg_sentiment_90d,beam_competitors_10km_sentiment_diff_30d,beam_competitors_10km_sentiment_diff_90d,beam_competitors_1km_competitive_strength,beam_competitors_1km_competitor_avg_sentiment_30d,beam_competitors_1km_competitor_avg_sentiment_90d,beam_competitors_1km_sentiment_diff_30d,beam_competitors_1km_sentiment_diff_90d,beam_competitors_5km_competitive_strength,beam_competitors_5km_competitor_avg_sentiment_30d,beam_competitors_5km_competitor_avg_sentiment_90d,beam_competitors_5km_sentiment_diff_30d,beam_competitors_5km_sentiment_diff_90d,beam_competitors_10km_competitor_count,beam_competitors_1km_competitor_count,beam_competitors_5km_competitor_count,beam_competitors_1km_rank_by_score,beam_competitors_1km_rank_by_rating,beam_competitors_1km_rank_by_reviews,beam_competitors_1km_score_percentile,beam_competitors_1km_rating_percentile,beam_competitors_1km_reviews_percentile,beam_competitors_1km_health_percentile,beam_competitors_1km_sentiment_percentile,beam_competitors_1km_competitor_avg_score,beam_competitors_1km_competitor_avg_rating,beam_competitors_1km_competitor_avg_reviews,beam_competitors_1km_competitor_avg_health,beam_competitors_1km_competitor_avg_sentiment,beam_competitors_1km_score_diff,beam_competitors_1km_rating_diff,beam_competitors_1km_reviews_diff,beam_competitors_1km_health_diff,beam_competitors_1km_sentiment_diff,beam_competitors_5km_rank_by_score,beam_competitors_5km_rank_by_rating,beam_competitors_5km_rank_by_reviews,beam_competitors_5km_score_percentile,beam_competitors_5km_rating_percentile,beam_competitors_5km_reviews_percentile,beam_competitors_5km_health_percentile,beam_competitors_5km_sentiment_percentile,beam_competitors_5km_competitor_avg_score,beam_competitors_5km_competitor_avg_rating,beam_competitors_5km_competitor_avg_reviews,beam_competitors_5km_competitor_avg_health,beam_competitors_5km_competitor_avg_sentiment,beam_competitors_5km_score_diff,beam_competitors_5km_rating_diff,beam_competitors_5km_reviews_diff,beam_competitors_5km_health_diff,beam_competitors_5km_sentiment_diff,beam_competitors_10km_rank_by_score,beam_competitors_10km_rank_by_rating,beam_competitors_10km_rank_by_reviews,beam_competitors_10km_score_percentile,beam_competitors_1km_competitive_tier,beam_competitors_10km_rating_percentile,beam_competitors_10km_reviews_percentile,beam_competitors_10km_health_percentile,beam_competitors_10km_sentiment_percentile,beam_competitors_5km_competitive_tier,beam_competitors_10km_competitor_avg_score,beam_competitors_10km_competitor_avg_rating,beam_competitors_10km_competitor_avg_reviews,beam_competitors_10km_competitor_avg_health,beam_competitors_10km_competitive_tier,beam_competitors_10km_competitor_avg_sentiment,beam_competitors_10km_score_diff,beam_competitors_10km_rating_diff,beam_competitors_10km_reviews_diff,beam_competitors_10km_health_diff,beam_competitors_10km_sentiment_diff,beam_competitors_1km_total_in_radius,beam_competitors_5km_total_in_radius,beam_competitors_10km_total_in_radius,beam_competitors_1km_avg_distance_m,beam_competitors_1km_closest_competitor_m,beam_competitors_1km_market_type,beam_competitors_1km_review_share,beam_competitors_1km_density_per_sqkm,beam_competitors_1km_tier_below_40,beam_competitors_1km_tier_40_59,beam_competitors_1km_tier_60_79,beam_competitors_1km_tier_80_100,beam_competitors_5km_avg_distance_m,beam_competitors_5km_closest_competitor_m,beam_competitors_5km_market_type,beam_competitors_5km_review_share,beam_competitors_5km_density_per_sqkm,beam_competitors_5km_tier_below_40,beam_competitors_5km_tier_40_59,beam_competitors_5km_tier_60_79,beam_competitors_5km_tier_80_100,beam_competitors_10km_avg_distance_m,beam_competitors_10km_closest_competitor_m,beam_competitors_10km_market_type,beam_competitors_10km_review_share,beam_competitors_10km_density_per_sqkm,beam_competitors_10km_tier_below_40,beam_competitors_10km_tier_40_59,beam_competitors_10km_tier_60_79,beam_competitors_10km_tier_80_100,beam_competitors_city_competitor_avg_sentiment_30d,beam_competitors_city_competitor_avg_sentiment_90d,beam_competitors_city_sentiment_diff_30d,beam_competitors_city_sentiment_diff_90d,beam_competitors_city_competitor_count,beam_competitors_city_total_in_city,beam_competitors_city_rank_by_score,beam_competitors_city_rank_by_rating,beam_competitors_city_rank_by_reviews,beam_competitors_city_score_percentile,beam_competitors_city_rating_percentile,beam_competitors_city_reviews_percentile,beam_competitors_city_health_percentile,beam_competitors_city_sentiment_percentile,beam_competitors_city_competitor_avg_score,beam_competitors_city_competitor_avg_rating,beam_competitors_city_competitor_avg_reviews,beam_competitors_city_competitor_avg_health,beam_competitors_city_competitor_avg_sentiment,beam_competitors_city_score_diff,beam_competitors_city_rating_diff,beam_competitors_city_reviews_diff,beam_competitors_city_health_diff,beam_competitors_city_sentiment_diff,beam_competitors_city_market_type,beam_competitors_city_review_share,beam_competitors_city_density_per_sqkm,beam_competitors_city_tier_below_40,beam_competitors_city_tier_40_59,beam_competitors_city_tier_60_79,beam_competitors_city_tier_80_100,beam_competitors_city_competitive_strength,beam_competitors_city_underserved_score,beam_competitors_city_competition_intensity,beam_competitors_state_competitor_avg_sentiment_30d,beam_competitors_state_competitor_avg_sentiment_90d,beam_competitors_state_sentiment_diff_30d,beam_competitors_state_sentiment_diff_90d,beam_competitors_state_competitor_count,beam_competitors_state_total_in_state,beam_competitors_state_rank_by_score,beam_competitors_state_rank_by_rating,beam_competitors_state_rank_by_reviews,beam_competitors_state_score_percentile,beam_competitors_state_rating_percentile,beam_competitors_state_reviews_percentile,beam_competitors_state_health_percentile,beam_competitors_state_sentiment_percentile,beam_competitors_state_competitor_avg_score,beam_competitors_state_competitor_avg_rating,beam_competitors_state_competitor_avg_reviews,beam_competitors_state_competitor_avg_health,beam_competitors_state_competitor_avg_sentiment,beam_competitors_state_score_diff,beam_competitors_state_rating_diff,beam_competitors_state_reviews_diff,beam_competitors_state_health_diff,beam_competitors_state_sentiment_diff,beam_competitors_state_market_type,beam_competitors_state_review_share,beam_competitors_state_density_per_sqkm,beam_competitors_state_underserved_score,beam_competitors_state_competition_intensity,beam_competitors_state_competitive_strength,beam_competitors_country_competitor_avg_sentiment_30d,beam_competitors_country_competitor_avg_sentiment_90d,beam_competitors_country_sentiment_diff_30d,beam_competitors_country_sentiment_diff_90d,beam_competitors_country_competitor_count,beam_competitors_country_competitor_avg_score,beam_competitors_country_competitor_avg_rating,beam_competitors_country_competitor_avg_reviews,beam_competitors_country_competitor_avg_health,beam_competitors_country_competitor_avg_sentiment,beam_competitors_country_score_diff,beam_competitors_country_rating_diff,beam_competitors_country_reviews_diff,beam_competitors_country_sentiment_diff,beam_competitors_country_score_percentile,beam_competitors_country_rating_percentile,beam_competitors_country_reviews_percentile,beam_competitors_country_health_percentile,beam_competitors_country_sentiment_percentile,beam_competitors_country_rank_by_score,beam_competitors_country_competitive_strength,beam_competitors_country_health_diff,beam_competitors_country_rank_by_rating,beam_competitors_country_rank_by_reviews,beam_competitors_country_tier_40_59,beam_competitors_country_tier_60_79,beam_competitors_country_tier_80_100,beam_competitors_country_tier_below_40,beam_competitors_country_total_in_country,beam_competitors_city_siblings_competitor_count,beam_competitors_city_siblings_competitor_avg_score,beam_competitors_city_siblings_competitor_avg_rating,beam_competitors_city_siblings_competitor_avg_reviews,beam_competitors_city_siblings_competitor_avg_health,beam_competitors_city_siblings_competitor_avg_sentiment,beam_competitors_city_siblings_score_diff,beam_competitors_city_siblings_rating_diff,beam_competitors_city_siblings_reviews_diff,beam_competitors_city_siblings_sentiment_diff,beam_competitors_city_siblings_score_percentile,beam_competitors_city_siblings_rating_percentile,beam_competitors_city_siblings_reviews_percentile,beam_competitors_city_siblings_health_percentile,beam_competitors_city_siblings_sentiment_percentile,beam_competitors_city_siblings_rank_by_score,beam_competitors_city_siblings_competitor_avg_recommend_pct,beam_competitors_city_siblings_recommend_pct_diff,beam_competitors_city_siblings_recommend_pct_percentile,beam_competitors_city_siblings_total_siblings,beam_competitors_city_businesses_per_10k_pop,beam_competitors_city_population_per_business,beam_competitors_city_population_density,beam_competitors_city_reviews_per_capita,beam_competitors_city_reviews_per_10k_pop,beam_competitors_state_businesses_per_10k_pop,beam_competitors_state_population_per_business,beam_competitors_state_population_density,beam_competitors_state_reviews_per_capita,beam_competitors_state_reviews_per_10k_pop,beam_competitors_1km_hhi_contribution,beam_competitors_1km_hhi_minimum,beam_competitors_5km_hhi_contribution,beam_competitors_5km_hhi_minimum,beam_competitors_10km_hhi_contribution,beam_competitors_10km_hhi_minimum,beam_competitors_city_hhi_contribution,beam_competitors_city_hhi_minimum,beam_competitors_state_hhi_contribution,beam_competitors_state_hhi_minimum,beam_trends_score_30d_beam_score_overall,beam_trends_score_30d_rating,beam_trends_score_30d_review_count,beam_trends_score_30d_beam_rating_health,beam_trends_score_30d_beam_popularity_percentile,beam_trends_score_90d_beam_score_overall,beam_trends_score_90d_rating,beam_trends_score_90d_review_count,beam_trends_score_90d_beam_rating_health,beam_trends_score_90d_beam_popularity_percentile,beam_trends_competitive_1km_30d_strength_change,beam_trends_competitive_1km_30d_rank_change,beam_trends_competitive_1km_30d_percentile_change,beam_trends_competitive_1km_90d_strength_change,beam_trends_competitive_1km_90d_rank_change,beam_trends_competitive_1km_90d_percentile_change,beam_trends_competitive_5km_30d_strength_change,beam_trends_competitive_5km_30d_rank_change,beam_trends_competitive_5km_30d_percentile_change,beam_trends_competitive_5km_90d_strength_change,beam_trends_competitive_5km_90d_rank_change,beam_trends_competitive_5km_90d_percentile_change,beam_trends_competitive_10km_30d_strength_change,beam_trends_competitive_10km_30d_rank_change,beam_trends_competitive_10km_30d_percentile_change,beam_trends_competitive_10km_90d_strength_change,beam_trends_competitive_10km_90d_rank_change,beam_trends_competitive_10km_90d_percentile_change,beam_trends_competitive_city_30d_strength_change,beam_trends_competitive_city_30d_rank_change,beam_trends_competitive_city_30d_percentile_change,beam_trends_competitive_city_90d_strength_change,beam_trends_competitive_city_90d_rank_change,beam_trends_competitive_city_90d_percentile_change,beam_trends_competitive_state_30d_strength_change,beam_trends_competitive_state_30d_rank_change,beam_trends_competitive_state_30d_percentile_change,beam_trends_competitive_state_90d_strength_change,beam_trends_competitive_state_90d_rank_change,beam_trends_competitive_state_90d_percentile_change,beam_trends_sentiment_current_sentiment,beam_trends_sentiment_positive_ratio,beam_trends_sentiment_negative_ratio,beam_trends_sentiment_review_count,beam_trends_velocity_reviews_per_day,beam_trends_velocity_reviews_per_month,beam_trends_velocity_percentile_city,beam_trends_velocity_percentile_state,beam_trends_velocity_trend,beam_velocity_reviews_per_day,beam_velocity_reviews_per_week,beam_velocity_reviews_per_month,beam_velocity_reviews_last_30d,beam_velocity_reviews_last_90d,beam_velocity_reviews_last_365d,beam_velocity_percentile_1km,beam_velocity_percentile_5km,beam_velocity_percentile_10km,beam_velocity_percentile_city,beam_velocity_percentile_state,beam_velocity_rank_1km,beam_velocity_rank_5km,beam_velocity_rank_10km,beam_velocity_rank_city,beam_velocity_rank_state,beam_velocity_trend,beam_velocity_change_30d,beam_velocity_change_90d,beam_trends_sentiment_recommend_pct
X4H2788Q,matchai - Mobile Matcha & Chai Cart,Food and Drink,Restaurants,Mobile caterer,Mobile caterer,"720 W 6th St suite 102, Corona, CA 92882",720 W 6th St suite 102,Corona,California,,,92882,US,True,33.876142099999996,-117.57498059999999,America/Los_Angeles,,0,,TRUE,FALSE,,True,Corona,California,US,http,http://theofficialmatchai.com,theofficialmatchai.com,theofficialmatchai.com,com,383,2025-03-27,2027-03-27,PDR Ltd. d/b/a PublicDomainRegistry.com,,,0,0,0,,FALSE,FALSE,5,0,"{""1"": 0, ""2"": 0, ""3"": 0, ""4"": 0, ""5"": 1}",,,,"Wheelchair accessible entrance, Wheelchair accessible parking lot",,,,,,,"Credit cards, Debit cards",,FALSE,TRUE,purchase_dataset@,FALSE,FALSE,0,,,,,,,,,,,,,,,,,,,,,,,,,,,,,,,,,,,,,,,,,,,,,,2026-04-11T17:07:17.427744+00:00,,,,,,,,0.0,0.0,50.0,,,,,,,,,,,,,,,,,,,,,,,,,,,,,,,,,,,,26.0,19.5,0,33,50.0,96.0,371,643,643,88347,169880,169880,729916,1547640,1547640,787661,371,,,,,,,,,,343,373,645,89056,166785,735647,1464979,735647,,,,,,,,,,,,,,,,,,,,,,,,,,,,,,,,,,,,,,,,,,,,,,,,,,,,,,,,,,,,,,,,,,,,,,,,,,,,,,,,,,,,,,,,,,,,,,,,,,,,,,,,,,,,,,,,,,,,,,,,,,,,,,,,,,,,,,,,,,,,,,,,,,,,,,,,,,,,,,,,,,,,,,,,,,,,,,,,,,,,,,,,,,,,,,,,,,,,,,,276,63.6,4.29,363,79.5,0.5709,-37.6,,-363,-0.5709,0.0364,0.9345,0.0,0.0145,0.0,265,72.81,-72.81,0.0,276,,,,,,,,,,,,,,,,,,,,,0.0,,0,0.0,0.0,,,,,,,,,,,,,,,,,,,,,,,,,,,,,,,,,,,,,,,,,,,,,,,,,,,,,,,,,,,,,,,,
DW6B7TR7,Cicis Pizza,Food and Drink,Restaurants,Restaurant,Restaurant,"Unnamed Road, Corona, CA 92879",Unnamed Road,Corona,California,,,92879,US,True,33.8775788,-117.54723109999999,America/Los_Angeles,,0,CLOSED_TEMPORARILY,FALSE,FALSE,,True,Corona,California,US,https,https://cicis.com,cicis.com,cicis.com,com,10602,1997-04-04,2027-04-05,"Network Solutions, LLC",,,0,0,0,,TRUE,FALSE,0,0,"{""1"": 0, ""2"": 0, ""3"": 0, ""4"": 0, ""5"": 0}",Dine-in,,,,,,,,,,,,FALSE,TRUE,purchase_dataset@,FALSE,FALSE,0,,,,,,,,,,,,,,,,,,,,,,,,,,,,,,,,,,,,,,,,,,,,,,2026-04-11T13:13:37.889715+00:00,,,,,,,,0.0,0.0,50.0,,,,,,,,,,,,,,,,,,,,,,,,,,,,,,,,,,,,26.0,19.5,0,33,50.0,96.0,357,612,612,84175,158653,158653,693617,1431917,1431917,748431,357,,,,,,,,,,343,373,645,89056,166785,735647,1464979,735647,,,,,,,,,,,,,,,,,,,,,,,,,,,,,,,,,,,,,,,,,,,,,,,,,,,,,,,,,,,,,,,,,,,,,,,,,,,,,,,,,,,,,,,,,,,,,,,,,,,,,,,,,,,,,,,,,,,,,,,,,,,,,,,,,,,,,,,,,,,,,,,,,,,,,,,,,,,,,,,,,,,,,,,,,,,,,,,,,,,,,,,,,,,,,,,,,,,,,,,276,63.6,4.29,363,79.5,0.5709,-37.6,,-363,-0.5709,0.0364,0.9345,0.0,0.0145,0.0,265,72.81,-72.81,0.0,276,,,,,,,,,,,,,,,,,,,,,0.0,,0,0.0,0.0,,,,,,,,,,,,,,,,,,,,,,,,,,,,,,,,,,,,,,,,,,,,,,,,,,,,,,,,,,,,,,,,
5437H3GV,Tea Time Express,Food and Drink,Restaurants,Chinese restaurant,"Chinese restaurant, Bubble tea store, Ramen restaurant, Restaurant","430 N McKinley St, Corona, CA 92879",430 N McKinley St,Corona,California,,Corona Hills,92879,US,True,33.888713599999996,-117.5215374,America/Los_Angeles,(951) 80*-****,1,CLOSED_PERMANENTLY,FALSE,TRUE,,True,Corona,California,US,,,,,,,,,,,,0,0,0,"Chinese outfit serving a variety of specialty teas, as well as rice, noodles & soup.",TRUE,TRUE,4.3,0,"{""1"": 4, ""2"": 2, ""3"": 13, ""4"": 21, ""5"": 57}","Delivery, Takeout, Dine-in",,,"Wheelchair accessible entrance, Wheelchair accessible parking lot, Wheelchair accessible seating","Coffee, Comfort food, Happy hour drinks, Small plates, Vegetarian options","Lunch, Dinner, Catering, Dessert, Seating",Restroom,,Family-friendly,,"Debit cards, NFC mobile payments","Good for kids, High chairs",FALSE,FALSE,purchase_dataset@,FALSE,TRUE,0,,,,,,,,,,,,,,,,,,,,,,,,,,,,,,,,,,,,,,,,,,,https://toasttab.com/teatime-express-corona/v3,,,2026-04-11T12:16:23.023410+00:00,,,,,,,,0.0,0.0,50.0,,,,,,,,,,,,,,,,,,,,,,,,,,,,,,,,,,,,27.5,19.5,0,50,50.0,92.0,352,589,589,81982,152848,152848,673691,1372655,1372655,726963,352,,,,,,,,,,343,373,645,89056,166785,735647,1464979,735647,,,,,,,,,,,,,,,,,,,,,,,,,,,,,,,,,,,,,,,,,,,,,,,,,,,,,,,,,,,,,,,,,,,,,,,,,,,,,,,,,,,,,,,,,,,,,,,,,,,,,,,,,,,,,,,,,,,,,,,,,,,,,,,,,,,,,,,,,,,,,,,,,,,,,,,,,,,,,,,,,,,,,,,,,,,,,,,,,,,,,,,,,,,,,,,,,,,,,,,276,63.6,4.29,363,79.5,0.5709,-36.1,,-363,-0.5709,0.0509,0.9345,0.0,0.0145,0.0,260,72.81,-72.81,0.0,276,,,,,,,,,,,,,,,,,,,,,0.0,,0,0.0,0.0,,,,,,,,,,,,,,,,,,,,,,,,,,,,,,,,,,,,,,,,,,,,,,,,,,,,,,,,,,,,,,,,
UVPL9MU5,"Duomo Pizza, inc.",Food and Drink,Restaurants,Pizza restaurant,"Pizza restaurant, Vegetarian cafe and deli","2785 Cabot Dr STE 115, Corona, CA 92883",2785 Cabot Dr STE 115,Corona,California,,Dos Lagos,92883,US,True,33.8137049,-117.50832829999999,America/Los_Angeles,(951) 63*-****,1,,TRUE,TRUE,,True,Corona,California,US,http,http://duomopizzamenu.com,duomopizzamenu.com,duomopizzamenu.com,com,2420,2019-08-29,2026-08-29,"GoDaddy.com, LLC",,,0,0,0,,TRUE,FALSE,4.5,0,"{""1"": 14, ""2"": 6, ""3"": 9, ""4"": 19, ""5"": 177}","Outdoor seating, No-contact delivery, Delivery, Onsite services, Takeout, Dine-in",Fast service,"Lunch, Dinner, Solo dining","Wheelchair accessible entrance, Wheelchair accessible parking lot, Wheelchair accessible restroom, Wheelchair accessible seating","Alcohol, Beer, Comfort food, Organic dishes, Quick bite, Vegetarian options, Wine","Lunch, Dinner, Seating, Table service","Bar onsite, Restroom",Casual,Groups,,"Credit cards, Debit cards, NFC mobile payments","Good for kids, Kids' menu",FALSE,TRUE,purchase_dataset@,FALSE,TRUE,0,,,,,,,,,,,,,,,,,,,,,,,,,,,,,,,,,,,,,,,,,,,https://duomopizzamenu.com,,,2026-04-11T01:43:58.106727+00:00,,,,,,,,0.0,0.0,50.0,0.689,1.0,0.354,0.0103,0.3108,,,,67.7,65.5,100.0,0.0,0.0,66.67,33.33,0.0,50.0,50.0,0.0,66.67,33.33,0.0,improving,stable,0.646,2.2,0.0432,3.4,1,3,6,12,0.0,0.0,0.0,22.8,19.5,0,17,50.0,64.0,4,638,638,4804,168472,168472,97666,1532939,1532939,104781,4,,,,,,,,,,343,,,,,,,,,,,,,,,,,,,,,,,,,,,,,,,,,,,,,,,,,,,,,,,,,,,,,,,,,,,,,,,,,,,,,,,,,,,,,,,,,,,,,,,,,,,,,,,,,,,,,,,,,,,,,,,,,,,,,,,,,,,,,,,,,,,,,,,,,,,,,,,,,,,,,,,,,,,,,,,,,,,,,,,,,,,,,,,,,,,,,,,,,,,,,,,,,,,,,,,,,,,,,,,,,,,,,,,,,,,,,,,,,,,,,,,,,,,,,,,,,,,,,,0.0,,0,0.0,0.0,,,,,,,,,,,,,,,,,,,,,,,,,,,,,,,,,,,,,,,,,,,,,,,,,,,,,,,,,,,,,,,,
25HYSPNJ,Ike's Love & Sandwiches,Food and Drink,Restaurants,Sandwich shop,"Sandwich shop, Caterer, Gluten-free restaurant, Halal restaurant, Vegan restaurant, Vegetarian restaurant","3915 Bedford Canyon Rd #102, Corona, CA 92883",3915 Bedford Canyon Rd #102,Corona,California,,Wildrose,92883,US,True,33.8202844,-117.5208931,America/Los_Angeles,(951) 26*-****,2,,TRUE,TRUE,,True,Corona,California,US,https,https://locations.ikessandwich.com/ca/corona/154,locations.ikessandwich.com/ca/corona/154,locations.ikessandwich.com,com,2660,2019-01-01,2029-01-01,"GoDaddy.com, LLC",,,0,0,0,,TRUE,FALSE,3.9,0,"{""1"": 3, ""2"": 3, ""3"": 0, ""4"": 2, ""5"": 13}","Delivery, Takeout, Dine-in",,,"Wheelchair accessible entrance, Wheelchair accessible restroom, Wheelchair accessible seating",,"Lunch, Dinner, Catering, Seating",Restroom,,,,"Credit cards, Debit cards, NFC mobile payments",Good for kids,FALSE,TRUE,purchase_dataset@,FALSE,TRUE,0,,,,,,,,,,,,,,,,,,,,,,,,,,,,,,,,,,,,,,,,,,,,,,2026-04-10T22:13:26.452026+00:00,,,,,,,,0.0,0.0,50.0,0.2203,0.1815,0.2203,0.2203,0.2203,,,,61.0,61.0,66.67,33.33,0.0,62.5,37.5,0.0,62.5,37.5,0.0,62.5,37.5,0.0,stable,stable,-0.0388,0.0,0.0,0.0,3,16,16,16,100.0,300.0,-43.8,25.8,19.5,0,50,50.0,58.0,349,579,579,81271,150933,150933,667136,1352868,1352868,719880,349,,,,,,,,,,343,373,645,89056,166785,735647,1464979,735647,,,,,,,,,,,,,,,,,,,,,,,,,,,,,,,,,,,,,,,,,,,,,,,,,,,,,,,,,,,,,,,,,,,,,,,,,,,,,,,,,,,,,,,,,,,,,,,,,,,,,,,,,,,,,,,,,,,,,,,,,,,,,,,,,,,,,,,,,,,,,,,,,,,,,,,,,,,,,,,,,,,,,,,,,,,,,,,,,,,,,,,,,,,,,,,,,,,,,,,88,64.4,3.96,494,71.3,0.4126,-38.6,,-494,-0.4126,0.0115,0.954,0.0,0.0345,0.046,87,71.62,-71.62,0.0,88,,,,,,,,,,,,,,,,,,,,,0.0,,0,0.0,0.0,,,,,,,,,,,,,,,,,,,,,,,,,,,,,,,,,,,,,,,,,,,,,,,,,,,,,,,,,,,,,,,,
TXCUR6F2,Luna Grill Bedford,Food and Drink,Restaurants,Mediterranean restaurant,"Mediterranean restaurant, Caterer, Restaurant","3915 Bedford Canyon Rd Suite 103, Corona, CA 92883",3915 Bedford Canyon Rd Suite 103,Corona,California,,Wildrose,92883,US,True,33.8203058,-117.52076799999999,America/Los_Angeles,(951) 74*-****,1,OPERATIONAL,TRUE,TRUE,,True,Corona,California,US,http,http://lunagrill.com,lunagrill.com,lunagrill.com,com,7910,2004-08-17,2026-05-05,"GoDaddy.com, LLC",,,0,0,0,,TRUE,FALSE,4.9,0,"{""1"": 3, ""2"": 1, ""3"": 0, ""4"": 3, ""5"": 114}","No-contact delivery, Delivery, Takeout",,,,"Healthy options, Vegetarian options",,,,,,,,FALSE,TRUE,purchase_dataset@,FALSE,TRUE,0,,,,,,,,,,,,,,,,,,,,,,,,,,,,,,,,,,,,,,,,,,,https://orders.lunagrill.com,,,2026-04-10T22:13:09.638579+00:00,,,,,,,,0.0,0.0,50.0,0.9065,0.7465,0.9065,0.9065,0.9065,,,,95.3,95.3,87.5,12.5,0.0,95.5,4.5,0.0,95.5,4.5,0.0,95.5,4.5,0.0,declining,stable,-0.16,0.0,0.0,0.0,32,111,111,111,100.0,300.0,-13.5,25.8,19.5,0,50,50.0,58.0,367,636,636,87658,167876,167876,723853,1526610,1526610,781082,367,,,,,,,,,,343,373,645,89056,166785,735647,1464979,735647,,,,,,,,,,,,,,,,,,,,,,,,,,,,,,,,,,,,,,,,,,,,,,,,,,,,,,,,,,,,,,,,,,,,,,,,,,,,,,,,,,,,,,,,,,,,,,,,,,,,,,,,,,,,,,,,,,,,,,,,,,,,,,,,,,,,,,,,,,,,,,,,,,,,,,,,,,,,,,,,,,,,,,,,,,,,,,,,,,,,,,,,,,,,,,,,,,,,,,,276,63.6,4.29,363,79.5,0.5709,-37.8,,-363,-0.5709,0.0182,0.9345,0.0,0.0145,0.0,267,72.81,-72.81,0.0,276,,,,,,,,,,,,,,,,,,,,,0.0,,0,0.0,0.0,,,,,,,,,,,,,,,,,,,,,,,,,,,,,,,,,,,,,,,,,,,,,,,,,,,,,,,,,,,,,,,,
26REH2ZR,Spicy Bowl Chinese Food,Food and Drink,Restaurants,Chinese restaurant,Chinese restaurant,"2284 Griffin Way #107, Corona, CA 92879",2284 Griffin Way #107,Corona,California,,,92879,US,True,33.8888732,-117.5172271,America/Los_Angeles,(951) 27*-****,1,OPERATIONAL,TRUE,TRUE,,True,Corona,California,US,https,https://spicybowlca.com,spicybowlca.com,spicybowlca.com,com,51,2026-02-22,2027-02-22,NAMECHEAP INC,,,0,0,0,,TRUE,FALSE,4.9,0,"{""1"": 0, ""2"": 0, ""3"": 2, ""4"": 0, ""5"": 25}","Delivery, Takeout, Dine-in",,,,,,,,,,,,FALSE,TRUE,purchase_dataset@,FALSE,TRUE,0,,,,,,,,,,,,,,,,,,,,,,,,,,,,,,,,,,,,,,,,,,,https://order.spicybowlcorona.com,https://spicybowlca.com,https://spicybowlca.com,2026-04-10T22:13:09.635484+00:00,,,,,,,,0.0,0.0,50.0,0.9538,0.9374,0.9538,0.9538,0.9538,,,,97.7,97.7,93.75,0.0,6.25,95.65,0.0,4.35,95.65,0.0,4.35,95.65,0.0,4.35,stable,stable,-0.0164,0.0,0.0,0.0,16,23,23,23,100.0,300.0,108.7,25.8,19.5,0,50,50.0,58.0,350,580,580,81285,150968,150968,667226,1353152,1353152,719979,350,,,,,,,,,,343,373,645,89056,166785,735647,1464979,735647,,,,,,,,,,,,,,,,,,,,,,,,,,,,,,,,,,,,,,,,,,,,,,,,,,,,,,,,,,,,,,,,,,,,,,,,,,,,,,,,,,,,,,,,,,,,,,,,,,,,,,,,,,,,,,,,,,,,,,,,,,,,,,,,,,,,,,,,,,,,,,,,,,,,,,,,,,,,,,,,,,,,,,,,,,,,,,,,,,,,,,,,,,,,,,,,,,,,,,,276,63.6,4.29,363,79.5,0.5709,-37.8,,-363,-0.5709,0.0182,0.9345,0.0,0.0145,0.0,267,72.81,-72.81,0.0,276,,,,,,,,,,,,,,,,,,,,,0.0,,0,0.0,0.0,,,,,,,,,,,,,,,,,,,,,,,,,,,,,,,,,,,,,,,,,,,,,,,,,,,,,,,,,,,,,,,,
ZB8D4JCC,Poki Cafe,Food and Drink,Restaurants,Restaurant,Restaurant,"2795 Cabot Dr #6-104, Corona, CA 92883",2795 Cabot Dr #6-104,Corona,California,,Dos Lagos,92883,US,True,33.813865799999995,-117.50736189999999,America/Los_Angeles,(951) 60*-****,1,,TRUE,TRUE,,True,Corona,California,US,https,https://order.online/business/poki-cafe-11199221,order.online/business/poki-cafe-11199221,order.online,online,2264,2020-02-01,2028-02-01,"MarkMonitor, Inc.",,,0,0,0,,TRUE,FALSE,4.8,0,"{""1"": 0, ""2"": 1, ""3"": 4, ""4"": 4, ""5"": 73}","Delivery, Onsite services, Takeout, Dine-in",,"Lunch, Dinner, Solo dining","Wheelchair accessible entrance, Wheelchair accessible parking lot, Wheelchair accessible seating","Coffee, Comfort food, Healthy options, Quick bite","Lunch, Dinner",,"Casual, Quiet, Trendy",College students,,"Credit cards, Debit cards, NFC mobile payments",Good for kids,FALSE,TRUE,purchase_dataset@,FALSE,TRUE,0,,,,,,,,,,,,,,,,,,,,,,,,,,,,,,,,,,,,,,,,,,,https://order.online/business/poki-cafe-11199221,https://clover.com/online-ordering/pokicafe_byboxfish,https://clover.com/online-ordering/pokicafe_byboxfish,2026-04-10T22:13:09.431423+00:00,,,,,,,,0.0,0.0,50.0,0.8459,0.528,0.7303,0.7902,0.757,,,,86.5,87.9,75.0,25.0,0.0,85.71,14.29,0.0,88.89,11.11,0.0,87.5,12.5,0.0,declining,stable,-0.2023,-1.4,-0.0267,-1.6,4,7,9,16,55.6,75.0,71.4,25.8,19.5,0,50,50.0,58.0,373,648,648,88883,171361,171361,734217,1562443,1562443,792309,373,,,,,,,,,,343,373,645,89056,166785,735647,1464979,735647,,,,,,,,,,,,,,,,,,,,,,,,,,,,,,,,,,,,,,,,,,,,,,,,,,,,,,,,,,,,,,,,,,,,,,,,,,,,,,,,,,,,,,,,,,,,,,,,,,,,,,,,,,,,,,,,,,,,,,,,,,,,,,,,,,,,,,,,,,,,,,,,,,,,,,,,,,,,,,,,,,,,,,,,,,,,,,,,,,,,,,,,,,,,,,,,,,,,,,,276,63.6,4.29,363,79.5,0.5709,-37.8,,-363,-0.5709,0.0182,0.9345,0.0,0.0145,0.0,267,72.81,-72.81,0.0,276,,,,,,,,,,,,,,,,,,,,,0.0,,0,0.0,0.0,,,,,,,,,,,,,,,,,,,,,,,,,,,,,,,,,,,,,,,,,,,,,,,,,,,,,,,,,,,,,,,,
82PNKTU3,Pupuseria La Esquina Del Sabor,Food and Drink,Restaurants,Restaurant,Restaurant,"1276 Border Ave, Corona, CA 92882",1276 Border Ave,Corona,California,,,92882,US,True,33.8693922,-117.5936521,America/Los_Angeles,(951) 25*-****,0,CLOSED_TEMPORARILY,FALSE,FALSE,,True,Corona,California,US,http,http://pupuseriaencorona.com,pupuseriaencorona.com,pupuseriaencorona.com,com,47,2026-02-26,2027-02-26,"GoDaddy.com, LLC",,,0,0,0,,TRUE,FALSE,5,0,"{""1"": 0, ""2"": 0, ""3"": 0, ""4"": 0, ""5"": 1}",Delivery,,,,,,,,,,"Credit cards, Debit cards, NFC mobile payments",,FALSE,TRUE,purchase_dataset@,FALSE,TRUE,0,,,,,,,,,,,,,,,,,,,,,,,,,,,,,,,,,,,,,,,,,,,,,,2026-04-10T22:12:51.419648+00:00,,,,,,,,0.0,0.0,50.0,,,,,,,,,,,,,,,,,,,,,,,,,,,,,,,,,,,,25.8,19.5,0,50,50.0,58.0,354,597,597,82748,154826,154826,680341,1392449,1392449,734146,354,,,,,,,,,,343,373,645,89056,166785,735647,1464979,735647,,,,,,,,,,,,,,,,,,,,,,,,,,,,,,,,,,,,,,,,,,,,,,,,,,,,,,,,,,,,,,,,,,,,,,,,,,,,,,,,,,,,,,,,,,,,,,,,,,,,,,,,,,,,,,,,,,,,,,,,,,,,,,,,,,,,,,,,,,,,,,,,,,,,,,,,,,,,,,,,,,,,,,,,,,,,,,,,,,,,,,,,,,,,,,,,,,,,,,,276,63.6,4.29,363,79.5,0.5709,-37.8,,-363,-0.5709,0.0182,0.9345,0.0,0.0145,0.0,267,72.81,-72.81,0.0,276,,,,,,,,,,,,,,,,,,,,,0.0,,0,0.0,0.0,,,,,,,,,,,,,,,,,,,,,,,,,,,,,,,,,,,,,,,,,,,,,,,,,,,,,,,,,,,,,,,,
KPMRCCCQ,Mr.Noodle,Food and Drink,Restaurants,Chinese restaurant,"Chinese restaurant, Chinese noodle restaurant, Noodle shop","1380 W 6th St #101, Corona, CA 92882",1380 W 6th St #101,Corona,California,,,92882,US,True,33.8777377,-117.5918566,America/Los_Angeles,(951) 40*-****,1,,TRUE,TRUE,,True,Corona,California,US,https,https://mr-noodle.com,mr-noodle.com,mr-noodle.com,com,41,2026-03-04,2027-03-04,"NameCheap, Inc.",,,0,0,0,,TRUE,FALSE,4.2,0,"{""1"": 3, ""2"": 0, ""3"": 0, ""4"": 1, ""5"": 12}","No-contact delivery, Delivery, Takeout, Dine-in",,,"Wheelchair accessible entrance, Wheelchair accessible parking lot, Wheelchair accessible restroom, Wheelchair accessible seating",,"Lunch, Dinner, Seating, Table service","Restroom, Wi-Fi",,Family-friendly,Accepts reservations,"Credit cards, Debit cards","Good for kids, High chairs",FALSE,TRUE,purchase_dataset@,FALSE,TRUE,0,,,,,,,,,,,,,,,,,,,,,,,,,,,,,,,,,,,,,,,,,,,https://order.mealkeyway.com/customer/release/index?mid=54477a37434a4c414e593545515a6d734d4872562b513d3d,https://mr-noodle.com,https://mr-noodle.com,2026-04-10T22:12:51.350559+00:00,,,,,,,,0.0,0.0,50.0,0.5639,0.3217,0.5639,0.5639,0.5639,,,,78.2,78.2,66.67,33.33,0.0,78.57,21.43,0.0,78.57,21.43,0.0,78.57,21.43,0.0,declining,stable,-0.2422,0.0,0.0,0.0,9,14,14,14,100.0,300.0,92.9,25.8,19.5,0,50,50.0,58.0,360,621,621,85687,162543,162543,706590,1471220,1471220,762415,360,,,,,,,,,,343,373,645,89056,166785,735647,1464979,735647,,,,,,,,,,,,,,,,,,,,,,,,,,,,,,,,,,,,,,,,,,,,,,,,,,,,,,,,,,,,,,,,,,,,,,,,,,,,,,,,,,,,,,,,,,,,,,,,,,,,,,,,,,,,,,,,,,,,,,,,,,,,,,,,,,,,,,,,,,,,,,,,,,,,,,,,,,,,,,,,,,,,,,,,,,,,,,,,,,,,,,,,,,,,,,,,,,,,,,,276,63.6,4.29,363,79.5,0.5709,-37.8,,-363,-0.5709,0.0182,0.9345,0.0,0.0145,0.0,267,72.81,-72.81,0.0,276,,,,,,,,,,,,,,,,,,,,,0.0,,0,0.0,0.0,,,,,,,,,,,,,,,,,,,,,,,,,,,,,,,,,,,,,,,,,,,,,,,,,,,,,,,,,,,,,,,,
KNY4XC6U,Applebee's Grill + Bar,Food and Drink,Restaurants,Restaurant,"Restaurant, American restaurant, Bar & grill, Diner, Family restaurant, Hamburger restaurant, Steak house, Traditional American restaurant","521 N McKinley St, Corona, CA 92879",521 N McKinley St,Corona,California,,,92879,US,True,33.891135999999996,-117.5212864,America/Los_Angeles,(951) 37*-****,2,,TRUE,TRUE,,True,Corona,California,US,https,https://restaurants.applebees.com/en-us/ca/corona/521-n.-mckinley-79054,restaurants.applebees.com/en-us/ca/corona/521-n.-mckinley-79054,restaurants.applebees.com,com,11226,1995-07-20,2026-07-19,"MarkMonitor, Inc.",purchase_dataset@applemetro.com,,1,1,0,Full-service chain bar & grill providing hearty American eats in an informal setting.,TRUE,TRUE,4.21,1286,"{""1"": 94, ""2"": 68, ""3"": 163, ""4"": 388, ""5"": 958}","Delivery, Drive-through, Onsite services, Takeout, Dine-in","Fast service, Great beer selection, Great cocktails, Great dessert, Great wine list, Serves local specialty, Sports","Lunch, Dinner, Solo dining","Wheelchair accessible entrance, Wheelchair accessible parking lot, Wheelchair accessible restroom, Wheelchair accessible seating","Alcohol, Beer, Cocktails, Coffee, Comfort food, Happy hour drinks, Happy hour food, Hard liquor, Healthy options, Late-night food, Quick bite, Small plates, Wine","Breakfast, Brunch, Lunch, Dinner, Catering, Dessert, Seating, Table service","Bar onsite, Restroom, Wi-Fi","Casual, Cozy, Trendy","College students, Family-friendly, Groups, LGBTQ+ friendly, Tourists, Transgender safespace",,"Credit cards, Debit cards, NFC mobile payments","Good for kids, Has changing table(s), High chairs, Kids' menu",TRUE,TRUE,purchase_dataset@,TRUE,TRUE,3,2025-08-20,2026-01-23,237,81,24,237,237,81,81,https://www.instagram.com/applebees,applebees,https://www.facebook.com/applebees,applebees,,,,,,,https://www.youtube.com/user/applebeeing,applebeeing,,,,,,,641043,1.32,,0.16,1.42,1.32,2466,,,,,,,,,https://applebees.com/en/menu,,,2026-04-10T11:47:29.720844+00:00,408.05,0.21,0.0,4647.91,157.2,66.4474,0.23,84.2,100.0,79.9,0.5847,,0.4395,0.64,0.7148,0.4967,0.7013,0.4786,72.0,85.7,,,,70.0,20.0,10.0,87.5,6.25,6.25,89.8,7.14,3.06,stable,declining,,-13.7,-0.2753,-16.0,0,10,48,98,-58.3,-59.2,-100.0,75.5,27.4,64,100,74.6,100.0,4,359,4,1716,94345,2193,14008,831027,17413,14538,4,474947,52,418694,204127,101,375038,359731,101,265896,200,373,645,89056,166785,735647,1464979,735647,0.5275,0.0402,0.4895,-0.0402,-0.0949,0.3915,0.0,0.281,0.0,0.1136,0.6373,0.05,0.5223,-0.05,-0.1277,100,51,100,474947,446564,418694,0.3572,0.3912,0.4376,0.4231,0.4967,61.9,3.89,386,75.9,0.4876,13.6,0.32,900,4.0,0.0971,204127,249210,375038,0.7246,0.6539,0.5044,0.6339,0.7013,74.4,4.31,638,82.2,0.6231,1.1,-0.1,648,-2.3,-0.0384,359731,419130,265896,0.5148,Below Average,0.4268,0.6451,0.4184,0.4786,Average,74.5,4.28,919,81.6,Average,0.6098,1.0,-0.07,367,-1.7,-0.0251,52,101,101,459,52,competitive,0.0613,16.23,11.8,23.5,62.7,2.0,3688,1052,competitive,0.0197,1.27,0.0,1.0,82.0,17.0,7187,5088,competitive,0.0138,0.32,0.0,1.0,88.0,11.0,0.036,0.5003,-0.036,-0.1057,100,101,82,221,8,0.7896,0.4455,0.9827,0.4851,0.5025,74.6,4.27,721,81.3,0.6038,0.9,-0.06,565,-1.4,-0.0191,competitive,0.0175,0.97,0.0,1.0,88.0,11.0,0.7443,0.23,4.75,0.1191,0.7521,-0.1191,-0.3575,100,101,16493,66002,10569,0.8372,0.3518,0.8973,0.4241,0.4579,82.1,4.78,1878,95.2,0.8606,-6.6,-0.57,-592,-15.3,-0.2759,competitive,0.0068,0.0002,1.28,0.02,0.7096,0.08,0.3009,-0.08,0.0937,793989,61.4,3.79,385,76.0,0.4601,14.1,0.42,901,0.1246,0.8522,0.3851,0.9817,0.4811,0.5729,115073,0.7509,3.9,482993,14519,25.1,59.3,4.4,11.2,793990,276,63.6,4.29,363,79.5,0.5709,11.9,-0.08,923,0.0138,0.8182,0.2982,0.9964,0.3782,0.4145,49,72.81,13.03,0.5527,276,6.36,1571,1520,0.4587,4587.36,0.03,395382,93,0.0048,47.5,37.63,192.31,3.9,99.01,1.91,99.01,3.07,99.01,0.46,99.01,-0.1,0.0,-5,-0.1,-9.4,,,,,,-0.02,51878,-0.062,-78.01,441714,-0.596,0.05,-30495,0.045,-77.66,170537,-0.228,0.05,-7265,0.017,-77.77,326244,-0.438,0.02,-14,0.028,-77.66,-36247,-0.164,-0.03,-998,0.013,-77.59,-19914,-0.117,0.5847,,,1286,0.03,1.0,0.474,0.552,decelerating,0.03,0.23,1.00,1,16,110,0.502,0.511,0.512,0.474,0.552,255757,268998,267956,10,2365,decelerating,-0.10,,85.84
Y2TDQCVV,The Meltdown,Food and Drink,Restaurants,Sandwich shop,Sandwich shop,"2379 Compton Ave, Corona, CA 92881",2379 Compton Ave,Corona,California,,South Corona,92881,US,True,33.843137,-117.53726599999999,America/Los_Angeles,(951) 37*-****,2,OPERATIONAL,TRUE,TRUE,,True,Corona,California,US,https,https://themeltdown.com,themeltdown.com,themeltdown.com,com,7500,2005-10-01,2027-10-01,"Network Solutions, LLC",,,0,0,0,,TRUE,FALSE,3.67,3,"{""1"": 1, ""2"": 0, ""3"": 0, ""4"": 0, ""5"": 2}","No-contact delivery, Takeout",,"Lunch, Dinner, Solo dining","Wheelchair accessible entrance, Wheelchair accessible parking lot, Wheelchair accessible restroom, Wheelchair accessible seating","Coffee, Comfort food, Quick bite","Lunch, Dinner, Dessert",Restroom,Casual,,,"Credit cards, Debit cards, NFC mobile payments",Good for kids,TRUE,TRUE,purchase_dataset@,FALSE,TRUE,0,,,,,,,,,,,,,,,,,,,,,,,,,,,,,,,,,,,,,,,,,,,,,,2026-04-10T09:00:29.578095+00:00,0.0,0.0,9.3,4612.76,496.6,66.4474,0.17,73.4,20.1,66.7,0.5841,,,,0.5841,0.6536,0.6658,0.4507,,79.2,,,,,,,,,,66.67,33.33,0.0,stable,stable,,,,,0,0,0,3,,-100.0,,47.1,19.5,0,50,50.0,100.0,337,520,546,77677,134273,142686,637811,1162430,1277743,687736,337,192018,35,299512,347952,101,464884,374424,101,433497,308,373,645,89056,166785,735647,1464979,735647,0.444,0.0403,0.4374,-0.0403,-0.4374,0.6762,0.0294,0.3823,-0.0294,-0.3823,0.5158,0.0043,0.4985,-0.0043,-0.4985,100,34,100,192018,235244,299512,0.7364,0.6747,0.5973,0.5404,0.6536,66.8,4.14,464,77.9,0.5348,-19.7,-0.47,-461,-11.2,0.0493,347952,275999,464884,0.5364,0.6182,0.3859,0.5987,0.6658,71.2,4.29,551,81.7,0.6122,-24.1,-0.62,-548,-15.0,-0.0281,374424,442131,433497,0.4956,Strong,0.3969,0.4222,0.3763,0.4507,Average,74.2,4.26,722,80.9,Average,0.6007,-27.1,-0.59,-719,-14.2,-0.0166,35,101,101,389,1,competitive,0.0002,10.82,2.9,23.5,64.7,8.8,3381,1274,competitive,0.0001,1.27,0.0,4.0,91.0,5.0,7249,5031,competitive,0.0,0.32,0.0,2.0,82.0,16.0,0.036,0.498,-0.036,-0.498,100,101,377,361,397,0.0668,0.104,0.0173,0.1832,0.505,74.6,4.27,727,81.2,0.6031,-27.5,-0.6,-724,-14.5,-0.019,competitive,0.0,0.97,0.0,1.0,88.0,11.0,0.0631,0.23,4.75,0.1191,0.7518,-0.1191,-0.7518,100,101,91809,92370,98986,0.1085,0.0999,0.035,0.1964,0.458,82.2,4.78,1887,95.2,0.8599,-35.1,-1.11,-1884,-28.5,-0.2758,competitive,0.0,0.0002,1.28,0.02,0.0839,0.08,0.3009,-0.08,-0.3009,793989,61.4,3.79,385,76.0,0.4601,-14.3,-0.12,-382,0.124,0.1373,0.1424,0.1311,0.2621,0.5722,684496,0.137,-9.3,676757,680549,25.1,59.3,4.4,11.2,793990,88,64.4,3.96,494,71.3,0.4126,-17.3,-0.29,-491,0.1715,0.069,0.1954,0.069,0.3333,0.7241,82,71.62,-4.95,0.2069,88,6.36,1571,1520,0.4623,4623.38,0.03,395382,93,0.0048,47.72,0.0,285.71,0.0,99.01,0.0,99.01,0.0,99.01,0.0,99.01,2.1,0.0,0,0.0,0.0,,,,,,0.0,22526,-0.028,-11.62,-472145,0.649,0.05,-35330,0.054,-11.88,-324651,0.448,0.06,-42170,0.064,-12.06,-290625,0.406,-0.01,0,0.005,-12.24,-738707,-0.021,-0.01,207,0.013,-12.22,-652586,0.021,0.5841,,,3,0.0,0.0,0.0,0.0,stable,0.00,0.00,0.00,0,0,3,,,,0.000,0.000,,,,3,1312,stable,0.00,,66.67
2UKSNKTG,Buffalo Wild Wings,Food and Drink,Restaurants,Chicken wings restaurant,"Chicken wings restaurant, Takeout Restaurant, Sports bar","2670 Tuscany St #101, Corona, CA 92881",2670 Tuscany St #101,Corona,California,,,92881,US,True,33.8231348,-117.5156815,America/Los_Angeles,(951) 73*-****,1,OPERATIONAL,TRUE,TRUE,,True,Corona,California,US,https,"https://buffalowildwings.com/locations/us/ca/corona/2670-tuscany-street,-suite-101/sports-bar-914","buffalowildwings.com/locations/us/ca/corona/2670-tuscany-street,-suite-101/sports-bar-914",buffalowildwings.com,com,10380,1997-11-12,2026-11-11,"CSC Corporate Domains, Inc.","purchase_dataset@geniussports.com, purchase_dataset@geniussports.com, purchase_dataset@geniussports.com, purchase_dataset@wgiftcard.com, purchase_dataset@buffalowildwings.com, purchase_dataset@buffalowildwings.com, purchase_dataset@buffalowildwings.com, purchase_dataset@givelively.org",realdomain,8,8,0,"Chain dishing up wings, tenders & burgers, plus sauces ranging from sweet to very spicy.",TRUE,TRUE,3.55,873,"{""1"": 188, ""2"": 73, ""3"": 104, ""4"": 184, ""5"": 454}","Outdoor seating, Delivery, Onsite services, Takeout, Dine-in","Fast service, Great beer selection, Great cocktails, Serves local specialty, Sports","Lunch, Dinner, Solo dining","Wheelchair accessible entrance, Wheelchair accessible parking lot, Wheelchair accessible restroom, Wheelchair accessible seating","Alcohol, Beer, Cocktails, Comfort food, Happy hour drinks, Happy hour food, Hard liquor, Late-night food, Quick bite, Wine","Lunch, Dinner, Catering, Dessert, Seating, Table service","Bar onsite, Restroom, Wi-Fi","Casual, Trendy","College students, Family-friendly, Groups, LGBTQ+ friendly, Tourists",,"Credit cards, Debit cards, NFC mobile payments","Good for kids, Has changing table(s), High chairs, Kids' menu",TRUE,TRUE,purchase_dataset@,TRUE,TRUE,6,2025-08-20,2026-04-10,237,4,108,237,237,4,4,https://www.instagram.com/bwwings,bwwings,https://www.facebook.com/buffalowildwings,buffalowildwings,https://twitter.com/bwwings,bwwings,https://www.tiktok.com/@buffalowildwings,buffalowildwings,https://www.linkedin.com/company/buffalo-wild-wings,buffalo-wild-wings,https://www.youtube.com/user/buffalowildwings,buffalowildwings,,,,,,,544237,0.7,,1.0,0.69,0.7,1506,605657,886,10925964,2.59,2.49,2.62,2.59,2.59,https://buffalowildwings.com/menu,,,2026-04-10T07:05:56.369623+00:00,361.53,1.0,0.0,4722.64,82.5,66.4474,0.17,71.0,98.1,61.1,0.2165,,-0.0844,-0.2485,-0.1154,0.6464,0.523,0.4385,45.8,44.2,,,,50.0,50.0,0.0,40.0,60.0,0.0,47.54,52.46,0.0,stable,stable,,1.6,0.031,3.6,0,10,25,61,-20.0,-34.4,-100.0,66.8,9.5,88,100,55.9,100.0,55,530,66,10816,137456,14500,122392,1194793,170070,132098,55,187135,29,351203,498746,63,606016,369650,101,459471,315,373,645,89056,166785,735647,1464979,735647,0.4277,0.0282,0.458,-0.0282,-0.446,0.6352,0.0,0.5694,0.0,-0.5574,0.3346,0.0287,0.421,-0.0287,-0.409,100,28,62,187135,291595,351203,0.7431,0.5987,0.528,0.581,0.6464,66.9,4.07,430,78.6,0.5325,-0.1,-0.52,443,-17.5,-0.316,498746,393752,606016,0.3373,0.4653,0.2002,0.4707,0.523,67.3,4.2,411,79.9,0.5695,-0.5,-0.65,462,-18.8,-0.353,369650,463940,459471,0.5018,Average,0.3687,0.3877,0.3532,0.4385,Below Average,74.3,4.24,687,80.5,Average,0.5969,-7.5,-0.69,186,-19.4,-0.3804,29,63,101,385,54,competitive,0.0676,8.91,3.6,21.4,67.9,7.1,2821,1039,competitive,0.0331,0.79,1.6,19.4,74.2,4.8,7917,5134,competitive,0.0125,0.32,0.0,2.0,82.0,16.0,0.036,0.5041,-0.036,-0.4921,100,101,203,371,66,0.5,0.0842,0.8391,0.1213,0.1287,74.6,4.28,725,81.4,0.6075,-7.8,-0.73,148,-20.3,-0.391,competitive,0.0119,0.97,0.0,1.0,88.0,11.0,0.477,0.23,4.75,0.1191,0.7529,-0.1191,-0.7409,100,101,46751,95005,29771,0.5429,0.0756,0.7104,0.1519,0.1653,82.1,4.78,1883,95.1,0.8598,-15.3,-1.23,-1010,-34.0,-0.6433,competitive,0.0046,0.0002,1.28,0.02,0.4529,0.08,0.3009,-0.08,-0.2889,793989,61.4,3.79,385,76.0,0.4601,5.4,-0.24,488,-0.2436,0.5706,0.1137,0.8336,0.2132,0.2433,338288,0.5124,-14.9,701906,131883,25.1,59.3,4.4,11.2,793990,88,64.4,3.96,494,71.3,0.4126,2.4,-0.41,379,-0.1961,0.5517,0.1494,0.7931,0.2069,0.2184,40,71.62,-3.46,0.2414,88,6.36,1571,1520,0.4614,4613.65,0.03,395382,93,0.0048,47.63,45.71,344.83,10.95,158.73,1.57,99.01,1.42,99.01,0.21,99.01,-4.4,0.0,0,0.0,-39.0,,,,,,0.01,9391,-0.01,-63.46,65103,-0.087,0.03,-14730,0.028,-63.87,375312,-0.493,0.05,-27994,0.045,-63.77,247098,-0.328,-0.06,56,-0.13,-63.82,-133725,-0.332,-0.11,15322,-0.144,-63.85,-87590,-0.29,0.2165,,,873,0.0,0.0,0.0,0.0,decelerating,0.17,1.17,5.00,5,17,72,0.719,0.729,0.729,1.000,0.846,213014,221732,221154,1,67,stable,-0.06,,68.16
75WK98WR,Kabab EL Basha,Food and Drink,Restaurants,Middle Eastern restaurant,"Middle Eastern restaurant, Mediterranean restaurant, Shawarma restaurant","750 S Lincoln Ave STE 102, Corona, CA 92882",750 S Lincoln Ave STE 102,Corona,California,,,92882,US,True,33.875993099999995,-117.58384369999999,America/Los_Angeles,(951) 26*-****,2,OPERATIONAL,TRUE,TRUE,,True,Corona,California,US,http,http://kababelbasha.com,kababelbasha.com,kababelbasha.com,com,2673,2018-12-19,2026-12-19,"Network Solutions, LLC",purchase_dataset@kababelbasha.com,realdomain,1,1,0,,TRUE,FALSE,4.57,456,"{""1"": 31, ""2"": 6, ""3"": 15, ""4"": 30, ""5"": 385}","No-contact delivery, Delivery, Onsite services, Takeout, Dine-in",,"Lunch, Dinner, Solo dining","Wheelchair accessible entrance, Wheelchair accessible parking lot, Wheelchair accessible restroom, Wheelchair accessible seating","Coffee, Comfort food, Healthy options, Quick bite, Small plates, Vegetarian options","Breakfast, Brunch, Lunch, Dinner, Catering, Counter service, Dessert, Seating",Restroom,"Casual, Quiet","Groups, Tourists",Accepts reservations,"Credit cards, Debit cards, NFC mobile payments",Good for kids,TRUE,TRUE,purchase_dataset@,TRUE,TRUE,4,2022-12-14,2026-02-09,1217,64,24,1217,1217,64,64,https://www.instagram.com/kababelbasha,kababelbasha,https://www.facebook.com/kababelbashaa,kababelbashaa,https://twitter.com/torreyschaefer,torreyschaefer,,,https://www.linkedin.com/in/marina-morgan-ibrahim-8b467a201,marina-morgan-ibrahim-8b467a201,,,,,,,,,2026,0.59,,0.13,0.32,0.28,91,,,,,,,,,https://kababelbasha.com/menus-1,,,2026-04-10T06:44:08.048710+00:00,1.29,0.42,0.3,4667.56,117.9,66.4474,0.23,91.4,88.7,89.0,0.5973,,0.3258,0.4516,0.4794,0.5601,0.6716,0.5347,66.3,74.0,,,,72.73,27.27,0.0,78.79,21.21,0.0,78.69,19.67,1.64,stable,declining,,-7.7,-0.1536,-10.4,0,11,33,61,-33.3,-27.9,-100.0,73.8,32.8,60,83,60.8,100.0,134,151,168,25788,42614,36281,247960,434532,368383,265893,134,485835,39,486003,252421,101,389105,406136,101,513969,66,373,645,89056,166785,735647,1464979,735647,0.4135,0.01,0.4926,-0.01,-0.1668,0.3793,0.0282,0.3993,-0.0282,-0.0735,0.5904,0.039,0.4859,-0.039,-0.1601,100,38,100,485835,395266,486003,0.343,0.4593,0.3476,0.4638,0.5601,61.7,3.95,342,76.6,0.5059,12.1,0.62,114,12.4,0.0914,252421,289676,389105,0.6613,0.6005,0.4858,0.5919,0.6716,73.4,4.28,625,81.6,0.6139,0.4,0.29,-169,7.4,-0.0166,406136,395043,513969,0.4538,Below Average,0.4582,0.3153,0.4685,0.5347,Average,73.5,4.3,603,82.4,Average,0.627,0.3,0.27,-147,6.6,-0.0297,39,101,101,465,8,competitive,0.0339,12.1,5.3,26.3,68.4,0.0,3161,1023,competitive,0.0072,1.27,0.0,1.0,88.0,11.0,7495,5083,competitive,0.0075,0.32,0.0,3.0,85.0,12.0,0.036,0.501,-0.036,-0.1752,100,101,108,76,172,0.7228,0.7946,0.5767,0.8218,0.5347,74.6,4.27,729,81.2,0.6037,-0.8,0.3,-273,7.8,-0.0064,competitive,0.0062,0.97,0.0,1.0,88.0,11.0,0.7005,0.23,4.75,0.1194,0.7529,-0.1194,-0.4271,100,101,22371,30493,64344,0.7796,0.6951,0.3753,0.735,0.4736,82.2,4.78,1879,95.2,0.861,-8.4,-0.21,-1423,-6.2,-0.2637,competitive,0.0024,0.0002,1.28,0.02,0.6329,0.08,0.3009,-0.08,0.0249,793989,61.4,3.79,385,76.0,0.4601,12.4,0.78,71,0.1372,0.8016,0.6755,0.6647,0.7483,0.5882,155070,0.7227,13.0,251363,265825,25.1,59.3,4.4,11.2,793990,276,63.6,4.29,363,79.5,0.5709,10.2,0.28,93,0.0264,0.7527,0.6982,0.6873,0.7564,0.44,68,72.81,-24.69,0.1455,276,6.36,1571,1520,0.464,4640.18,0.03,395382,93,0.0048,47.51,11.51,256.41,0.52,99.01,0.56,99.01,0.39,99.01,0.06,99.01,-1.6,-0.01,-3,-0.1,-5.7,,,,,,0.01,4714,0.002,-77.32,409030,-0.549,0.06,-49389,0.071,-77.11,174693,-0.231,0.03,-5696,0.016,-77.29,328779,-0.438,-0.03,9,-0.029,-77.1,-84100,-0.171,-0.13,4239,-0.038,-77.17,-62081,-0.115,0.5973,,,456,0.07,2.0,0.0,0.65,decelerating,0.07,0.47,2.00,2,14,70,0.729,0.736,0.737,0.000,0.650,158660,166316,165898,1,25,decelerating,-0.10,,48.12
BAXXAX9D,Little Caesars Pizza,Food and Drink,Restaurants,Pizza restaurant,"Pizza restaurant, Fast food restaurant, Pizza delivery, Pizza Takeout","1501 Rimpau Ave, Corona, CA 92881",1501 Rimpau Ave,Corona,California,,,92881,US,True,33.863896,-117.54434699999999,America/Los_Angeles,(951) 27*-****,2,OPERATIONAL,TRUE,TRUE,,True,Corona,California,US,https,https://littlecaesars.com/en-us/store/3568,littlecaesars.com/en-us/store/3568,littlecaesars.com,com,10791,1996-09-27,2027-09-26,"GoDaddy Corporate Domains, LLC","purchase_dataset@lcecorp.com, purchase_dataset@littlecaesarsfundraising.com, purchase_dataset@littlecaesars.com, purchase_dataset@littlecaesars.com, purchase_dataset@littlecaesars.com, purchase_dataset@littlecaesars.com, purchase_dataset@gmail.com, purchase_dataset@fooji.com, purchase_dataset@ralbb.com, purchase_dataset@littlecaesars.com, purchase_dataset@littlecaesars.com, purchase_dataset@lcecorp.com, purchase_dataset@lcecorp.com, purchase_dataset@lcecorp.com, purchase_dataset@lcecorp.com, purchase_dataset@lcecorp.com, purchase_dataset@lcecorp.com",realdomain,17,17,0,"Carry-out chain featuring chicken wings, signature breadsticks & pizza tossed from housemade dough.",TRUE,TRUE,3.85,463,"{""1"": 72, ""2"": 21, ""3"": 49, ""4"": 85, ""5"": 233}","Delivery, Onsite services, Takeout",,"Lunch, Dinner","Wheelchair accessible entrance, Wheelchair accessible parking lot","Comfort food, Quick bite","Lunch, Dinner",,Casual,Family-friendly,,"Credit cards, Debit cards, NFC mobile payments",,TRUE,TRUE,purchase_dataset@,TRUE,TRUE,7,2025-09-09,2026-02-12,217,61,74,217,217,61,61,https://www.instagram.com/littlecaesars,littlecaesars,https://www.facebook.com/littlecaesarspizzafordhamrd15520005,littlecaesarspizzafordhamrd15520005,https://twitter.com/littlecaesars,littlecaesars,https://www.tiktok.com/@littlecaesarspizza,littlecaesarspizza,https://www.linkedin.com/company/little-caesars,little-caesars,https://www.youtube.com/littlecaesarspizza,littlecaesarspizza,,,,,https://www.pinterest.com/littlecaesarsfundraising,littlecaesarsfundraising,602542,0.33,,0.48,0.33,0.33,1225,1152456,602,20186113,2.54,,2.16,2.07,2.54,,,,2026-04-10T05:36:20.969065+00:00,614.51,0.21,0.0,4757.59,67.5,66.4474,0.23,77.0,88.9,69.1,0.3815,,0.5,0.4167,0.5951,0.7725,0.6422,0.4417,75.0,79.8,,,,75.0,25.0,0.0,66.67,25.0,8.33,76.92,15.38,7.69,stable,declining,,-4.8,-0.0951,-6.0,0,4,12,26,-33.3,-38.5,-100.0,75.2,27.4,96,100,79.1,100.0,130,482,164,25454,125991,35806,245469,1086006,364178,263252,130,168424,29,241180,252421,101,402555,369650,101,333596,281,373,645,89056,166785,735647,1464979,735647,0.4863,0.0203,0.4681,-0.0203,0.1319,0.6896,0.0357,0.4372,-0.0357,0.1628,0.5746,0.0257,0.4334,-0.0257,0.1666,100,28,100,168424,291595,241180,0.7685,0.5987,0.6753,0.5984,0.7725,67.3,4.07,505,78.9,0.5779,7.9,-0.22,-42,-9.8,-0.1964,252421,316577,402555,0.6613,0.5654,0.4682,0.5498,0.6422,73.4,4.26,612,81.0,0.605,1.8,-0.41,-149,-11.9,-0.2235,369650,442131,333596,0.5018,Strong,0.3969,0.555,0.3763,0.4417,Average,74.3,4.26,840,80.9,Average,0.5979,0.9,-0.41,-377,-11.8,-0.2164,29,101,101,371,21,competitive,0.0317,8.91,7.1,10.7,78.6,3.6,3340,1567,competitive,0.0075,1.27,0.0,1.0,87.0,12.0,7510,5025,competitive,0.0055,0.32,0.0,2.0,84.0,14.0,0.036,0.4982,-0.036,0.1018,100,101,89,332,167,0.7748,0.1807,0.5891,0.2129,0.2302,74.6,4.27,729,81.4,0.6058,0.6,-0.42,-266,-12.3,-0.2243,competitive,0.0063,0.97,0.0,1.0,88.0,11.0,0.5408,0.23,4.75,0.1191,0.754,-0.1191,-0.154,100,101,17432,86143,64630,0.8278,0.1599,0.3726,0.2295,0.2625,82.1,4.77,1894,95.1,0.8572,-6.9,-0.92,-1431,-26.0,-0.4757,competitive,0.0024,0.0002,1.28,0.02,0.4909,0.08,0.3009,-0.08,0.2991,793989,61.4,3.79,385,76.0,0.4601,13.8,0.06,78,-0.0786,0.8435,0.2006,0.6683,0.2947,0.3628,121983,0.5981,-6.9,632008,262946,25.1,59.3,4.4,11.2,793990,276,63.6,4.29,363,79.5,0.5709,11.6,-0.44,100,-0.1894,0.7964,0.1018,0.7018,0.1636,0.1891,55,72.81,4.1,0.2836,276,6.36,1571,1520,0.464,4639.74,0.03,395382,93,0.0048,47.91,10.07,344.83,0.56,99.01,0.3,99.01,0.4,99.01,0.06,99.01,0.6,0.0,0,0.0,-5.4,,,,,,0.0,25715,-0.033,-55.51,-12096,0.019,0.05,-29992,0.045,-55.73,69962,-0.089,0.05,-17829,0.031,-55.81,188953,-0.248,0.0,-19,0.04,-55.86,-198464,0.022,-0.09,-2857,0.031,-56.01,-181812,0.075,0.3815,,,463,0.03,1.0,0.6,0.511,decelerating,0.03,0.23,1.00,1,6,28,0.502,0.511,0.512,0.600,0.511,255757,268998,267956,5,1064,decelerating,-0.04,,76.91
6SW4EB2P,Pizza Hut,Food and Drink,Restaurants,Pizza delivery,"Pizza delivery, Chicken wings restaurant, Pizza restaurant, Pizza Takeout","1075 W 6th St, Corona, CA 92882",1075 W 6th St,Corona,California,,,92882,US,True,33.877345999999996,-117.58309799999999,America/Los_Angeles,(951) 27*-****,2,OPERATIONAL,TRUE,TRUE,,True,Corona,California,US,https,https://locations.pizzahut.com/ca/corona/1075-w-6th-st,locations.pizzahut.com/ca/corona/1075-w-6th-st,locations.pizzahut.com,com,11816,1993-12-07,2026-12-06,"CSC Corporate Domains, Inc.","purchase_dataset@pizzahut.com, purchase_dataset@pizzahut.com, purchase_dataset@pizzahut.com",,3,3,0,"Popular delivery, carry-out & dine-in chain known for pizza, wings & pasta, plus sides & desserts.",TRUE,TRUE,3.65,412,"{""1"": 84, ""2"": 20, ""3"": 56, ""4"": 57, ""5"": 196}","No-contact delivery, Delivery, Onsite services, Takeout",,,"Wheelchair accessible entrance, Wheelchair accessible parking lot",,,,,,,"Credit cards, Debit cards, NFC mobile payments",,TRUE,TRUE,purchase_dataset@,TRUE,TRUE,4,2025-11-10,2026-03-26,155,19,37,155,155,19,19,https://www.instagram.com/pizzahut,pizzahut,https://www.facebook.com/577585402099484,577585402099484,https://twitter.com/pizzahutnassau,pizzahutnassau,,,https://www.linkedin.com/company/pizza-hut,pizza-hut,,,,,,,,,1812533,0.07,0.06,0.05,0.07,0.07,2597,,,,,,,,,https://pizzahut.com/menu,,,2026-04-10T05:35:21.979082+00:00,1153.74,0.21,0.0,4626.62,118.4,66.4474,0.23,73.0,87.2,61.7,0.2818,,-0.8501,-0.57,-0.2488,0.5543,0.6716,0.5327,7.5,37.6,,,,0.0,100.0,0.0,20.0,80.0,0.0,33.33,61.11,5.56,stable,declining,,-30.1,-0.6013,-80.1,0,1,5,18,-60.0,-77.8,-100.0,62.1,37.4,48,100,27.5,100.0,147,522,183,28065,134664,39793,266417,1166431,399840,285518,147,474947,37,465901,252421,101,389105,406136,101,514590,310,373,645,89056,166785,735647,1464979,735647,0.4133,0.02,0.4943,-0.02,-1.3444,0.3965,0.0298,0.4293,-0.0298,-1.2794,0.5904,0.039,0.4859,-0.039,-1.336,100,36,100,474947,386359,465901,0.3572,0.4711,0.3745,0.4813,0.5543,61.9,3.96,355,76.9,0.5042,0.2,-0.31,57,-15.2,-0.2224,252421,289676,389105,0.6613,0.6005,0.4858,0.5919,0.6716,73.4,4.28,625,81.6,0.6139,-11.3,-0.63,-213,-19.9,-0.3321,406136,395043,514590,0.4538,Below Average,0.4582,0.3145,0.4621,0.5327,Average,73.5,4.3,602,82.3,Average,0.6264,-11.4,-0.65,-190,-20.6,-0.3446,37,101,101,426,81,competitive,0.0312,11.46,5.6,27.8,66.7,0.0,3101,1052,competitive,0.0065,1.27,0.0,1.0,88.0,11.0,7440,5124,competitive,0.0068,0.32,0.0,3.0,85.0,12.0,0.036,0.498,-0.036,-1.3481,100,101,289,366,190,0.2871,0.0941,0.5322,0.1287,0.1559,74.6,4.27,727,81.2,0.6031,-12.5,-0.62,-315,-19.5,-0.3213,competitive,0.0056,0.97,0.0,1.0,88.0,11.0,0.3027,0.23,4.75,0.1191,0.7511,-0.1191,-1.6012,100,101,63726,92758,65981,0.3783,0.0979,0.3594,0.1563,0.1957,82.2,4.77,1882,95.1,0.858,-20.1,-1.12,-1470,-33.4,-0.5762,competitive,0.0022,0.0002,1.28,0.02,0.2885,0.08,0.3009,-0.08,-1.151,793989,61.4,3.79,385,76.0,0.4601,0.7,-0.14,27,-0.1783,0.4209,0.1376,0.6403,0.2179,0.2832,457466,0.4017,-14.3,682771,285108,25.1,59.3,4.4,11.2,793990,276,63.6,4.29,363,79.5,0.5709,-1.5,-0.64,49,-0.2891,0.3636,0.0582,0.6436,0.12,0.1418,176,72.81,1.4,0.2655,276,6.36,1571,1520,0.4623,4623.38,0.03,395382,93,0.0048,47.59,9.74,270.27,0.43,99.01,0.46,99.01,0.32,99.01,0.05,99.01,6.9,0.0,-1,0.0,27.9,,,,,,0.0,19643,-0.019,-50.6,245682,-0.325,0.06,-49389,0.071,-50.51,20696,-0.022,0.03,-971,0.009,-50.79,177138,-0.23,0.04,-59,0.151,-51.0,-252288,-0.399,-0.04,-14823,0.155,-51.11,-189813,-0.308,0.2818,,,412,0.03,1.0,0.75,0.643,stable,0.03,0.23,1.00,1,3,20,0.502,0.511,0.512,0.750,0.643,255757,268998,267956,2,96,stable,0.03,,74.21
YTW7HH6U,Carl's Jr.,Food and Drink,Restaurants,Fast food restaurant,"Fast food restaurant, Hamburger restaurant","23740 Temescal Canyon Rd, Corona, CA 92883",23740 Temescal Canyon Rd,Corona,California,,Trilogy,92883,US,True,33.7752944,-117.48766429999999,America/Los_Angeles,(951) 27*-****,2,OPERATIONAL,TRUE,TRUE,Temescal Valley,True,Corona,California,US,https,https://locations.carlsjr.com/ca/corona/23740-temescal-canyon-rd,locations.carlsjr.com/ca/corona/23740-temescal-canyon-rd,locations.carlsjr.com,com,10557,1997-05-19,2026-05-20,"GoDaddy.com, LLC",,,0,0,0,"Fast-food chain known for its variety of piled-high burgers & meal combos, plus shakes.",TRUE,TRUE,3.91,1026,"{""1"": 122, ""2"": 80, ""3"": 188, ""4"": 322, ""5"": 632}","Delivery, Drive-through, Onsite services, Takeout, Dine-in",Great coffee,"Breakfast, Lunch, Dinner, Solo dining","Wheelchair accessible entrance, Wheelchair accessible parking lot, Wheelchair accessible restroom, Wheelchair accessible seating","Coffee, Late-night food, Quick bite","Breakfast, Lunch, Dinner, Counter service, Dessert, Seating",Restroom,Casual,"Family-friendly, Groups",,"Credit cards, Debit cards, NFC mobile payments","Good for kids, Has changing table(s), High chairs, Kids' menu, Playground",TRUE,TRUE,purchase_dataset@,TRUE,TRUE,2,,,,,,,,,,,,https://www.facebook.com/carlsjr,carlsjr,,,,,,,https://www.youtube.com/channel/uc2iyobomhmoubkyd73uyjwq,uc2iyobomhmoubkyd73uyjwq,,,,,,,,,,,,,,,,,,,,,,https://carlsjr.com/menu,,,2026-04-10T03:52:11.298753+00:00,0.0,0.4,3.1,4587.49,247.7,66.4474,0.17,78.2,100.0,70.0,0.3858,,0.479,0.3457,0.4753,0.6878,0.4694,0.3114,74.0,73.8,,,,75.0,25.0,0.0,70.0,30.0,0.0,71.43,19.64,8.93,stable,stable,,0.2,0.0037,0.3,0,4,10,56,-20.0,-71.4,-100.0,66.4,27.4,16,83,75.3,100.0,36,470,40,7602,122376,9929,87623,1055372,117958,94421,36,369459,3,657555,502817,18,621775,580506,75,614371,275,373,645,89056,166785,735647,1464979,735647,0.2202,0.0135,0.474,-0.0135,0.005,0.4307,0.0,0.2765,0.0,0.2025,0.3263,0.0458,0.3516,-0.0458,0.1274,74,2,17,369459,251024,657555,0.4974,0.6534,0.1189,0.6158,0.6878,63.7,4.12,203,79.2,0.5463,2.7,-0.21,823,-9.2,-0.1594,502817,393752,621775,0.3321,0.4653,0.1795,0.3777,0.4694,67.2,4.2,393,78.6,0.5542,-0.8,-0.29,633,-8.6,-0.1673,580506,554521,614371,0.2247,Average,0.2527,0.1817,0.271,0.3114,Below Average,67.1,4.14,425,79.0,Below Average,0.553,-0.7,-0.23,601,-9.0,-0.1661,3,18,75,334,281,concentrated,0.7165,0.64,0.0,50.0,50.0,0.0,4182,1654,competitive,0.1331,0.22,0.0,17.6,82.4,0.0,7615,5531,competitive,0.0316,0.24,2.7,21.6,68.9,6.8,0.036,0.5097,-0.036,-0.0307,100,101,209,323,44,0.4827,0.198,0.8936,0.2277,0.2376,74.7,4.28,723,81.6,0.6102,-8.3,-0.37,303,-11.6,-0.2233,competitive,0.014,0.97,0.0,1.0,88.0,11.0,0.5205,0.23,4.75,0.1191,0.7518,-0.1191,-0.2728,100,101,48543,84128,21502,0.5251,0.1796,0.7908,0.2391,0.2645,82.2,4.78,1887,95.2,0.8599,-15.8,-0.87,-861,-25.2,-0.473,competitive,0.0054,0.0002,1.28,0.02,0.5012,0.08,0.3009,-0.08,0.1781,793989,61.4,3.79,385,76.0,0.4601,5.0,0.12,641,-0.0732,0.5571,0.2228,0.8808,0.3053,0.3675,348985,0.5539,-6.0,613949,93989,25.1,59.3,4.4,11.2,793990,88,64.4,3.96,494,71.3,0.4126,2.0,-0.05,532,-0.0257,0.5057,0.4023,0.8736,0.4368,0.4368,44,71.62,6.76,0.4598,88,6.36,1571,1520,0.4598,4597.93,0.03,395382,93,0.0048,47.72,5133.44,3333.33,177.04,555.56,9.96,133.33,1.96,99.01,0.29,99.01,-1.3,0.0,0,0.0,-15.4,,,,,,0.01,3011,0.002,-57.87,73577,-0.093,0.02,2116,0.006,-58.07,203720,-0.26,0.03,-7809,0.02,-58.18,285231,-0.369,-0.01,10,-0.026,-57.98,-326535,-0.111,-0.06,5339,-0.045,-58.0,-279645,-0.07,0.3858,,,1026,0.03,1.0,0.438,0.48,decelerating,0.03,0.23,1.00,1,6,65,0.502,0.511,0.512,0.438,0.480,255757,268998,267956,8,1489,decelerating,-0.04,,76.31
BDDT5ADM,Carl's Jr.,Food and Drink,Restaurants,Fast food restaurant,"Fast food restaurant, Hamburger restaurant","230 W Foothill Pkwy, Corona, CA 92882",230 W Foothill Pkwy,Corona,California,,South Corona,92882,US,True,33.844620299999995,-117.5739699,America/Los_Angeles,(951) 73*-****,2,OPERATIONAL,TRUE,TRUE,,True,Corona,California,US,https,https://locations.carlsjr.com/ca/corona/230-w-foothill-pkwy,locations.carlsjr.com/ca/corona/230-w-foothill-pkwy,locations.carlsjr.com,com,10557,1997-05-19,2026-05-20,"GoDaddy.com, LLC",,,0,0,0,"Fast-food chain known for its variety of piled-high burgers & meal combos, plus shakes.",TRUE,TRUE,3.81,400,"{""1"": 42, ""2"": 28, ""3"": 65, ""4"": 96, ""5"": 173}","Outdoor seating, Delivery, Drive-through, Takeout, Dine-in",,"Breakfast, Lunch, Dinner, Solo dining","Wheelchair accessible entrance, Wheelchair accessible parking lot, Wheelchair accessible restroom","Coffee, Late-night food, Quick bite","Breakfast, Lunch, Dinner, Counter service, Dessert, Seating",Restroom,Casual,"Family-friendly, Groups",,"Credit cards, Debit cards, NFC mobile payments","Good for kids, Has changing table(s), High chairs, Kids' menu, Playground",TRUE,TRUE,purchase_dataset@,TRUE,TRUE,2,,,,,,,,,,,,https://www.facebook.com/carlsjr,carlsjr,,,,,,,https://www.youtube.com/channel/uc2iyobomhmoubkyd73uyjwq,uc2iyobomhmoubkyd73uyjwq,,,,,,,,,,,,,,,,,,,,,,https://carlsjr.com/menu,,,2026-04-10T03:51:20.509068+00:00,0.0,0.6,4.3,4587.49,248.1,66.4474,0.17,76.2,86.8,66.3,0.3519,,0.6051,0.3778,0.4103,0.3781,0.6112,0.5377,80.3,70.5,,,,71.43,14.29,14.29,64.29,21.43,14.29,68.57,20.0,11.43,stable,improving,,9.8,0.1948,13.9,0,7,14,35,0.0,-20.0,-100.0,64.8,27.4,16,83,79.5,100.0,151,493,188,28803,127914,40853,271676,1103558,408826,291113,151,151041,4,656722,315168,101,436147,397280,101,485717,286,373,645,89056,166785,735647,1464979,735647,0.4344,0.0086,0.4482,-0.0086,0.1569,0.5012,0.0,0.0674,0.0,0.5377,0.5181,0.0482,0.5143,-0.0482,0.0908,100,3,100,151041,368704,656722,0.7921,0.4946,0.1201,0.2938,0.3781,67.7,3.98,204,73.5,0.4527,-2.9,-0.17,196,-7.2,-0.1008,315168,342765,436147,0.5789,0.5314,0.4238,0.5064,0.6112,72.0,4.24,579,80.4,0.5954,-7.2,-0.43,-179,-14.1,-0.2435,397280,382099,485717,0.4657,Average,0.4744,0.3528,0.4749,0.5377,Average,73.7,4.31,648,82.5,Average,0.6278,-8.9,-0.5,-248,-16.2,-0.2759,4,101,101,122,108,concentrated,0.3956,0.95,0.0,33.3,66.7,0.0,3623,1260,competitive,0.0069,1.27,0.0,3.0,89.0,8.0,6857,5005,competitive,0.0061,0.32,0.0,3.0,86.0,11.0,0.036,0.5097,-0.036,0.0954,100,101,238,338,197,0.4134,0.1634,0.5124,0.1658,0.2129,74.7,4.28,723,81.6,0.6102,-9.9,-0.47,-323,-15.3,-0.2583,competitive,0.0055,0.97,0.0,1.0,88.0,11.0,0.3681,0.23,4.75,0.1191,0.7523,-0.1191,-0.1472,100,101,54342,87972,66361,0.4694,0.1429,0.3555,0.1925,0.2378,82.2,4.78,1880,95.3,0.8607,-17.4,-0.97,-1480,-29.0,-0.5088,competitive,0.0021,0.0002,1.28,0.02,0.3373,0.08,0.3009,-0.08,0.3042,793989,61.4,3.79,385,76.0,0.4601,3.4,0.02,15,-0.1082,0.5047,0.1868,0.6333,0.2589,0.3374,390851,0.4479,-9.7,643107,290678,25.1,59.3,4.4,11.2,793990,88,64.4,3.96,494,71.3,0.4126,0.4,-0.15,-94,-0.0607,0.4253,0.3448,0.4828,0.2989,0.3908,51,71.62,6.27,0.4368,88,6.36,1571,1520,0.4598,4597.93,0.03,395382,93,0.0048,47.54,1565.37,2500.0,0.47,99.01,0.38,99.01,0.3,99.01,0.05,99.01,-2.3,0.0,0,0.0,-32.7,,,,,,0.03,-35505,0.051,-41.3,-274029,0.379,0.06,-44132,0.065,-41.38,-114877,0.164,0.04,-9827,0.021,-41.57,-27131,0.049,-0.05,29,-0.068,-41.63,-471083,-0.003,-0.13,8606,-0.076,-41.66,-419498,0.053,0.3519,,,400,0.03,1.0,0.438,0.48,decelerating,0.03,0.23,1.00,1,7,37,0.502,0.511,0.512,0.438,0.480,255757,268998,267956,8,1489,decelerating,-0.07,,77.89
HZTTEWPY,Del Taco,Food and Drink,Restaurants,Fast food restaurant,"Fast food restaurant, American restaurant, Breakfast restaurant, Hamburger restaurant, Takeout Restaurant, Mexican restaurant, Restaurant, Taco restaurant","310 N McKinley St, Corona, CA 92879",310 N McKinley St,Corona,California,,Corona Hills,92879,US,True,33.8880066,-117.52064539999999,America/Los_Angeles,(951) 73*-****,1,OPERATIONAL,TRUE,TRUE,,True,Corona,California,US,https,https://locations.deltaco.com/us/ca/corona/310-n-mckinley-st,locations.deltaco.com/us/ca/corona/310-n-mckinley-st,locations.deltaco.com,com,9990,1998-12-07,2028-12-06,"Network Solutions, LLC",,,0,0,0,"Fast-food chain for Mexican standards like tacos, burritos & quesadillas plus breakfast.",TRUE,TRUE,4.04,493,"{""1"": 54, ""2"": 22, ""3"": 50, ""4"": 93, ""5"": 282}","Outdoor seating, Delivery, Drive-through, Takeout, Dine-in",Great coffee,"Breakfast, Lunch, Dinner, Solo dining","Wheelchair accessible entrance, Wheelchair accessible parking lot, Wheelchair accessible restroom, Wheelchair accessible seating","Coffee, Late-night food, Quick bite, Vegetarian options","Breakfast, Lunch, Dinner, Catering, Dessert, Seating",Restroom,Casual,"Family-friendly, Groups",,"Credit cards, Debit cards, NFC mobile payments","Good for kids, High chairs, Kids' menu",TRUE,TRUE,purchase_dataset@,TRUE,TRUE,3,2025-11-05,2026-02-24,160,49,36,160,160,49,49,https://www.instagram.com/deltaco,deltaco,https://www.facebook.com/deltaco,deltaco,,,,,https://www.linkedin.com/company/del-taco,del-taco,,,,,,,,,98133,0.34,,0.25,0.34,0.34,2123,,,,,,,,,https://order.deltaco.com/menu/del-taco-248,,,2026-04-09T23:55:55.920236+00:00,62.47,0.0,0.0,4628.44,165.0,66.4474,0.17,80.8,89.8,74.6,0.5121,,,-0.2554,-0.2158,0.5805,0.6787,0.4429,,39.2,,,,,,,50.0,50.0,0.0,42.86,57.14,0.0,stable,stable,,,,,0,0,2,7,-100.0,-100.0,,58.8,9.5,40,83,25.2,100.0,123,424,154,23994,112035,33627,233947,969379,344917,250983,123,394046,66,412579,199118,101,354941,369650,101,297549,241,373,645,89056,166785,735647,1464979,735647,0.4964,0.0402,0.4953,-0.0402,-0.4953,0.468,-0.0021,0.3272,0.0021,-0.3272,0.6318,0.06,0.525,-0.06,-0.525,100,65,100,394046,368704,412579,0.4646,0.4946,0.4459,0.4991,0.5805,63.3,3.98,390,77.2,0.512,-4.5,0.06,103,-2.6,0.0001,199118,289676,354941,0.731,0.6005,0.5308,0.5919,0.6787,74.5,4.28,657,81.6,0.6161,-15.7,-0.24,-164,-7.0,-0.104,369650,453282,297549,0.5018,Average,0.3827,0.6029,0.3822,0.4429,Average,74.3,4.25,882,81.0,Average,0.5983,-15.5,-0.21,-389,-6.4,-0.0862,66,101,101,403,65,competitive,0.0191,20.69,9.2,21.5,67.7,1.5,3922,1001,competitive,0.0074,1.27,0.0,1.0,81.0,18.0,7098,5056,competitive,0.0056,0.32,0.0,1.0,91.0,8.0,0.036,0.498,-0.036,-0.498,100,101,319,284,160,0.2104,0.2946,0.6015,0.3267,0.3936,74.6,4.27,727,81.2,0.6031,-15.8,-0.23,-234,-6.6,-0.091,competitive,0.0067,0.97,0.0,1.0,88.0,11.0,0.353,0.23,4.75,0.1191,0.755,-0.1191,-0.755,100,101,72946,77610,63092,0.2899,0.242,0.3874,0.3084,0.3773,82.1,4.78,1878,95.2,0.8599,-23.3,-0.74,-1385,-20.6,-0.3478,competitive,0.0026,0.0002,1.28,0.02,0.3048,0.08,0.3009,-0.08,-0.3009,793989,61.4,3.79,385,76.0,0.4601,-2.6,0.25,108,0.052,0.3319,0.2865,0.6837,0.3732,0.4908,528477,0.4238,-1.4,562567,250703,25.1,59.3,4.4,11.2,793990,88,64.4,3.96,494,71.3,0.4126,-5.6,0.08,-1,0.0995,0.1724,0.5747,0.5057,0.6207,0.6437,73,71.62,12.36,0.6782,88,6.36,1571,1520,0.4623,4623.38,0.03,395382,93,0.0047,47.5,3.64,151.52,0.55,99.01,0.31,99.01,0.45,99.01,0.07,99.01,1.9,-0.01,-1,-0.1,0.0,,,,,,0.0,27598,-0.031,-59.23,192070,-0.255,0.06,-40319,0.057,-59.07,-5025,0.01,0.05,-12790,0.024,-59.2,167711,-0.219,0.0,-18,0.044,-59.45,-221967,-0.513,-0.1,-2561,0.037,-59.6,-150143,-0.434,0.5121,,,493,0.0,0.0,0.0,0.0,decelerating,0.03,0.23,1.00,1,2,8,0.281,0.292,0.294,0.083,0.147,528654,556970,554104,42,4706,accelerating,0.00,,83.98
HD6QCBGB,Jersey Mike's Subs,Food and Drink,Restaurants,Sandwich shop,"Sandwich shop, Caterer, Deli, Fast food restaurant, Takeout Restaurant","350 N McKinley St, Corona, CA 92879",350 N McKinley St,Corona,California,,Corona Hills,92879,US,True,33.887109699999996,-117.521203,America/Los_Angeles,(951) 73*-****,2,OPERATIONAL,TRUE,TRUE,,True,Corona,California,US,https,https://jerseymikes.com/20132/corona-ca,jerseymikes.com/20132/corona-ca,jerseymikes.com,com,10319,1998-01-12,2031-03-26,"GoDaddy.com, LLC","purchase_dataset@jerseymikes.com, purchase_dataset@scarletknights.com, purchase_dataset@jerseymikes.com",realdomain,3,3,0,New Jersey–based counter-serve sandwich chain serving jumbo subs filled with cold cuts & toppings.,TRUE,TRUE,4.12,234,"{""1"": 33, ""2"": 5, ""3"": 11, ""4"": 38, ""5"": 147}","No-contact delivery, Delivery, Onsite services, Takeout, Dine-in",,"Lunch, Dinner, Solo dining","Wheelchair accessible entrance, Wheelchair accessible parking lot, Wheelchair accessible restroom, Wheelchair accessible seating","Comfort food, Healthy options, Quick bite, Vegetarian options","Lunch, Dinner, Catering, Seating","Restroom, Wi-Fi",Casual,"College students, Family-friendly, Groups, Tourists",,"Credit cards, Debit cards, NFC mobile payments","Good for kids, High chairs, Kids' menu",TRUE,TRUE,purchase_dataset@,TRUE,TRUE,6,2025-06-10,2026-03-08,308,37,99,308,308,37,37,https://www.instagram.com/jerseymikes,jerseymikes,https://www.facebook.com/jerseymikes,jerseymikes,https://twitter.com/jerseymikes,jerseymikes,https://www.tiktok.com/@jerseymikes,jerseymikes,https://www.linkedin.com/company/jerseymikes,jerseymikes,https://www.youtube.com/jerseymikestv,jerseymikestv,,,,,,,321108,0.77,,0.61,0.53,0.77,2085,190882,774,2125043,2.12,,1.57,1.07,2.12,https://jerseymikes.com/menu,,,2026-04-09T23:50:16.450528+00:00,204.4,0.6,0.0,4687.04,82.5,66.4474,0.17,82.4,79.0,79.1,0.5483,,0.5,0.6667,0.35,0.5597,0.6733,0.4426,75.0,67.5,,,,75.0,25.0,0.0,83.33,16.67,0.0,70.0,30.0,0.0,stable,improving,,7.5,0.15,11.1,0,4,6,10,33.3,60.0,-100.0,73.1,9.5,88,100,77.5,100.0,203,407,260,40668,105110,59601,361538,913936,568727,387024,203,400143,66,392699,193994,101,363413,374424,101,290521,231,373,645,89056,166785,735647,1464979,735647,0.4967,0.048,0.4922,-0.048,0.0078,0.4656,-0.0021,0.3211,0.0021,0.1789,0.6311,0.06,0.5278,-0.06,-0.0278,100,65,100,400143,386359,392699,0.4563,0.4711,0.4724,0.4755,0.5597,63.2,3.96,403,76.8,0.5058,9.9,0.16,-169,2.3,0.0425,193994,289676,363413,0.7376,0.6005,0.5196,0.5919,0.6733,74.6,4.28,649,81.6,0.6144,-1.5,-0.16,-415,-2.5,-0.0661,374424,453282,290521,0.4956,Average,0.3827,0.6123,0.3822,0.4426,Average,74.2,4.25,890,81.0,Average,0.5982,-1.1,-0.13,-656,-1.9,-0.0499,66,101,101,419,17,competitive,0.0089,20.69,9.2,23.1,66.2,1.5,3962,1422,competitive,0.0036,1.27,0.0,1.0,79.0,20.0,7171,5042,competitive,0.0026,0.32,0.0,1.0,92.0,7.0,0.036,0.5097,-0.036,-0.0097,100,101,125,259,291,0.6856,0.354,0.2822,0.4455,0.4356,74.7,4.28,723,81.6,0.6102,-1.6,-0.16,-489,-2.5,-0.0619,competitive,0.0032,0.97,0.0,1.0,88.0,11.0,0.4651,0.23,4.75,0.1191,0.752,-0.1191,-0.252,100,101,24816,72547,73994,0.7558,0.2903,0.2813,0.4039,0.4155,82.2,4.78,1876,95.2,0.8602,-9.1,-0.66,-1642,-16.1,-0.3119,competitive,0.0012,0.0002,1.28,0.02,0.4738,0.08,0.3009,-0.08,0.1991,793989,61.4,3.79,385,76.0,0.4601,11.7,0.33,-151,0.0882,0.7795,0.3287,0.5122,0.4636,0.5303,172573,0.5641,3.1,528868,386553,25.1,59.3,4.4,11.2,793990,88,64.4,3.96,494,71.3,0.4126,8.7,0.16,-260,0.1357,0.7816,0.6092,0.3563,0.6897,0.6897,20,71.62,11.57,0.6207,88,6.36,1571,1520,0.4598,4597.93,0.03,395382,93,0.0047,47.44,0.79,151.52,0.13,99.01,0.07,99.01,0.1,99.01,0.02,99.01,-8.1,-0.01,-1,0.0,-50.6,,,,,,0.0,27980,-0.031,-53.43,196197,-0.261,0.06,-50088,0.07,-53.27,-12136,0.02,0.05,-13055,0.025,-53.4,170529,-0.223,-0.15,109,-0.277,-53.53,-224344,-0.035,-0.17,21076,-0.206,-53.63,-200467,0.035,0.5483,,,234,0.0,0.0,0.0,0.0,decelerating,0.13,0.93,4.00,4,7,11,0.648,0.660,0.660,0.846,0.820,264626,275746,274862,3,452,accelerating,0.10,,83.19
M8FLKFWG,Jack in the Box,Food and Drink,Restaurants,Fast food restaurant,"Fast food restaurant, American restaurant, Breakfast restaurant, Chicken restaurant, Dessert restaurant, Hamburger restaurant, Delivery Restaurant, Mexican restaurant, Restaurant","3855 Bedford Canyon Rd, Corona, CA 92883",3855 Bedford Canyon Rd,Corona,California,,Wildrose,92883,US,True,33.8217786,-117.52358129999999,America/Los_Angeles,(951) 27*-****,2,OPERATIONAL,TRUE,TRUE,,True,Corona,California,US,https,https://locations.jackinthebox.com/us/ca/corona/3855-bedford-canyon-rd,locations.jackinthebox.com/us/ca/corona/3855-bedford-canyon-rd,locations.jackinthebox.com,com,11145,1995-10-09,2026-10-09,"GoDaddy.com, LLC",,,0,0,0,"Burgers, chicken, tacos & breakfast items fill out the menu at this fast-food chain.",TRUE,TRUE,4.01,683,"{""1"": 84, ""2"": 26, ""3"": 93, ""4"": 160, ""5"": 401}","No-contact delivery, Delivery, Drive-through, Onsite services, Takeout, Dine-in",Active military discounts,"Breakfast, Lunch, Dinner, Solo dining","Wheelchair accessible entrance, Wheelchair accessible parking lot, Wheelchair accessible restroom, Wheelchair accessible seating","Coffee, Late-night food, Quick bite","Breakfast, Lunch, Dinner, Counter service, Dessert, Seating",Restroom,Casual,"Family-friendly, Groups",,"Credit cards, Debit cards, NFC mobile payments","Good for kids, High chairs, Kids' menu",TRUE,TRUE,purchase_dataset@,TRUE,TRUE,4,,,,,,,,,,,,https://www.facebook.com/jackinthebox,jackinthebox,https://twitter.com/jackbox,jackbox,,,https://www.linkedin.com/company/jack-in-the-box,jack-in-the-box,https://www.youtube.com/user/jackinthebox,jackinthebox,,,,,,,,,,,,,,,,,,,,,,https://jackinthebox.com/menu,,,2026-04-09T22:34:24.851172+00:00,0.0,0.2,2.3,4612.76,123.6,66.4474,0.17,80.2,94.5,74.1,0.4738,,0.6645,0.5187,0.2083,0.728,0.4966,0.4282,83.2,60.4,,,,83.33,16.67,0.0,78.95,21.05,0.0,62.07,37.93,0.0,stable,improving,,22.8,0.4562,37.7,0,6,19,29,-36.8,-17.2,-100.0,69.6,27.4,32,83,82.3,100.0,80,436,98,16273,114242,22121,171083,987159,242914,183577,80,173004,27,305422,498746,68,615586,401588,101,468206,249,373,645,89056,166785,735647,1464979,735647,0.4073,0.0182,0.4108,-0.0182,0.2302,0.6778,0.0,0.5476,0.0,0.0934,0.3214,0.0415,0.4086,-0.0415,0.2324,100,26,67,173004,251024,305422,0.7623,0.6534,0.5893,0.6772,0.728,67.2,4.12,460,80.3,0.5607,2.4,-0.11,223,-6.2,-0.0869,498746,417833,615586,0.3373,0.4338,0.1876,0.4344,0.4966,67.3,4.18,400,79.4,0.5619,2.3,-0.17,283,-5.3,-0.0881,401588,463940,468206,0.4596,Strong,0.3687,0.3762,0.3474,0.4282,Below Average,73.6,4.24,674,80.4,Average,0.5935,-4.0,-0.23,9,-6.3,-0.1197,27,68,101,569,85,competitive,0.054,8.28,3.8,19.2,69.2,7.7,2734,1335,competitive,0.0248,0.85,1.5,20.9,73.1,4.5,7708,5052,competitive,0.01,0.32,0.0,2.0,84.0,14.0,0.036,0.498,-0.036,0.143,100,101,165,292,110,0.5916,0.2772,0.7302,0.3243,0.349,74.6,4.27,727,81.2,0.6031,-5.0,-0.26,-44,-7.1,-0.1293,competitive,0.0093,0.97,0.0,1.0,88.0,11.0,0.5389,0.23,4.75,0.1191,0.7518,-0.1191,-0.1108,100,101,36861,79192,52491,0.6388,0.2271,0.485,0.3003,0.3405,82.2,4.78,1887,95.2,0.8599,-12.6,-0.77,-1204,-21.1,-0.3861,competitive,0.0036,0.0002,1.28,0.02,0.4692,0.08,0.3009,-0.08,0.3401,793989,61.4,3.79,385,76.0,0.4601,8.2,0.22,298,0.0137,0.6653,0.273,0.7687,0.3651,0.4499,263101,0.5786,-1.9,573886,183361,25.1,59.3,4.4,11.2,793990,88,64.4,3.96,494,71.3,0.4126,5.2,0.05,189,0.0612,0.6552,0.5057,0.6897,0.5977,0.6092,31,71.62,11.17,0.6092,88,6.36,1571,1520,0.4623,4623.38,0.03,395382,93,0.0048,47.72,29.14,370.37,6.17,147.06,1.01,99.01,0.87,99.01,0.13,99.01,1.6,0.0,0,0.0,0.0,,,,,,0.0,22999,-0.029,-58.32,-68036,0.096,0.03,-14730,0.028,-58.68,255113,-0.33,0.05,-24236,0.04,-58.59,160873,-0.208,0.02,-28,0.073,-58.56,-265580,-0.078,-0.08,-5309,0.058,-58.73,-229922,-0.032,0.4738,,,683,0.03,1.0,0.438,0.48,decelerating,0.03,0.23,1.00,1,9,30,0.502,0.511,0.512,0.438,0.480,255757,268998,267956,8,1489,decelerating,0.00,,82.79
LJMYGTDY,Jack in the Box,Food and Drink,Restaurants,Fast food restaurant,"Fast food restaurant, American restaurant, Breakfast restaurant, Chicken restaurant, Dessert restaurant, Hamburger restaurant, Delivery Restaurant, Mexican restaurant, Restaurant","2296 Griffin Way, Corona, CA 92879",2296 Griffin Way,Corona,California,,,92879,US,True,33.888069699999996,-117.51874319999999,America/Los_Angeles,(951) 27*-****,1,OPERATIONAL,TRUE,TRUE,,True,Corona,California,US,https,https://locations.jackinthebox.com/us/ca/corona/2296-griffin-way,locations.jackinthebox.com/us/ca/corona/2296-griffin-way,locations.jackinthebox.com,com,11145,1995-10-09,2026-10-09,"GoDaddy.com, LLC",,,0,0,0,"Burgers, chicken, tacos & breakfast items fill out the menu at this fast-food chain.",TRUE,TRUE,3.76,595,"{""1"": 91, ""2"": 37, ""3"": 87, ""4"": 143, ""5"": 286}","No-contact delivery, Delivery, Drive-through, Onsite services, Takeout, Dine-in","Active military discounts, Great coffee","Breakfast, Lunch, Dinner, Solo dining","Wheelchair accessible entrance, Wheelchair accessible parking lot, Wheelchair accessible restroom, Wheelchair accessible seating","Coffee, Late-night food, Quick bite","Breakfast, Lunch, Dinner, Counter service, Dessert, Seating",Restroom,Casual,"Family-friendly, Groups",,"Credit cards, Debit cards, NFC mobile payments","Good for kids, High chairs, Kids' menu",TRUE,TRUE,purchase_dataset@,TRUE,TRUE,4,,,,,,,,,,,,https://www.facebook.com/jackinthebox,jackinthebox,https://twitter.com/jackbox,jackbox,,,https://www.linkedin.com/company/jack-in-the-box,jack-in-the-box,https://www.youtube.com/user/jackinthebox,jackinthebox,,,,,,,,,,,,,,,,,,,,,,https://jackinthebox.com/menu,,,2026-04-09T22:34:04.404388+00:00,0.0,0.4,3.2,4587.49,124.1,66.4474,0.17,75.2,92.5,66.9,0.3191,,1.0,0.0,-0.3333,0.5906,0.7075,0.4721,100.0,33.3,,,,100.0,0.0,0.0,50.0,50.0,0.0,33.33,66.67,0.0,stable,improving,,66.7,1.3333,200.3,0,3,12,21,-50.0,-42.9,-100.0,68.9,27.4,32,83,93.2,100.0,96,507,120,19612,130085,27006,198447,1123266,286193,212576,96,394046,67,409432,204127,101,377180,364680,101,289714,298,373,645,89056,166785,735647,1464979,735647,0.5108,0.0402,0.4918,0.9598,0.5082,0.4692,-0.0173,0.3197,1.0173,0.6803,0.6365,0.06,0.5101,0.94,0.4899,100,66,100,394046,368704,409432,0.4646,0.4946,0.45,0.505,0.5906,63.3,3.98,392,77.3,0.515,5.6,-0.22,203,-10.4,-0.1959,204127,249210,377180,0.7246,0.6539,0.5015,0.6477,0.7075,74.4,4.31,636,82.4,0.6251,-5.5,-0.55,-41,-15.5,-0.306,364680,430766,289714,0.5082,Average,0.4117,0.6134,0.406,0.4721,Average,74.4,4.27,891,81.4,Average,0.6077,-5.5,-0.51,-296,-14.5,-0.2886,67,101,101,399,69,competitive,0.0225,21.01,9.1,22.7,66.7,1.5,3959,1216,competitive,0.0093,1.27,0.0,2.0,80.0,18.0,7131,5093,competitive,0.0066,0.32,0.0,1.0,89.0,10.0,0.036,0.5097,0.964,0.4903,100,101,178,349,130,0.5594,0.1386,0.6807,0.1807,0.1782,74.7,4.28,723,81.6,0.6102,-5.8,-0.52,-128,-14.7,-0.2911,competitive,0.0082,0.97,0.0,1.0,88.0,11.0,0.4696,0.23,4.75,0.1191,0.7518,0.8809,0.2482,100,101,39398,89632,60419,0.6143,0.1271,0.4134,0.2017,0.2164,82.2,4.78,1887,95.2,0.8599,-13.3,-1.02,-1292,-28.3,-0.5408,competitive,0.0031,0.0002,1.28,0.02,0.4079,0.08,0.3009,0.92,0.6991,793989,61.4,3.79,385,76.0,0.4601,7.5,-0.03,210,-0.141,0.6418,0.1708,0.7322,0.2711,0.3103,281736,0.5276,-9.1,655950,212264,25.1,59.3,4.4,11.2,793990,88,64.4,3.96,494,71.3,0.4126,4.5,-0.2,101,-0.0935,0.6322,0.2529,0.6322,0.3678,0.3218,33,71.62,5.78,0.4253,88,6.36,1571,1520,0.4598,4597.93,0.03,395382,93,0.0048,47.72,5.04,149.25,0.86,99.01,0.44,99.01,0.67,99.01,0.1,99.01,4.0,0.01,-3,0.2,-15.4,,,,,,-0.01,33487,-0.039,-51.63,94053,-0.121,0.05,-30495,0.045,-51.56,-99125,0.138,0.05,-12764,0.024,-51.79,65339,-0.08,0.05,-67,0.17,-51.83,-331128,-0.029,-0.05,-14002,0.145,-51.99,-293379,0.025,0.3191,,,595,0.03,1.0,0.438,0.48,decelerating,0.03,0.23,1.00,1,4,23,0.502,0.511,0.512,0.438,0.480,255757,268998,267956,8,1489,decelerating,-0.04,,77.4
BSWZCF9E,Subway,Food and Drink,Restaurants,Sandwich shop,"Sandwich shop, Caterer, Fast food restaurant, Takeout Restaurant, Restaurant","635 N Main St STE B3, Corona, CA 92878",635 N Main St STE B3,Corona,California,,,92878,US,True,33.888849,-117.5635373,America/Los_Angeles,(951) 27*-****,2,OPERATIONAL,FALSE,TRUE,,True,Corona,California,US,https,https://restaurants.subway.com/united-states/ca/corona/635-n-main-st,restaurants.subway.com/united-states/ca/corona/635-n-main-st,restaurants.subway.com,com,11045,1996-01-17,2027-01-18,"CSC Corporate Domains, Inc.",purchase_dataset@live.com,,1,1,0,"Casual counter-serve chain for build-your-own sandwiches & salads, with health-conscious options.",TRUE,TRUE,3.71,79,"{""1"": 17, ""2"": 3, ""3"": 6, ""4"": 11, ""5"": 42}","Curbside pickup, Delivery, Onsite services, Takeout, Dine-in",,"Lunch, Dinner, Solo dining","Wheelchair accessible entrance, Wheelchair accessible parking lot, Wheelchair accessible restroom, Wheelchair accessible seating","Coffee, Comfort food, Healthy options, Quick bite, Vegetarian options","Breakfast, Lunch, Dinner, Catering, Counter service",Restroom,"Casual, Quiet","Groups, Tourists",,"Credit cards, Debit cards, NFC mobile payments","Good for kids, Kids' menu",TRUE,TRUE,purchase_dataset@,TRUE,TRUE,5,2025-11-06,2026-02-25,159,48,36,159,159,48,48,https://www.instagram.com/subway,subway,https://www.facebook.com/subway,subway,https://twitter.com/subway,subway,,,https://www.linkedin.com/company/subway,subway,https://www.youtube.com/user/subway,subway,,,,,,,1440864,0.03,,0.02,0.03,0.03,1661,,,,,,,,,https://subway.com/en-us/restaurant/3142-0/menu/?segment_code=0,,,2026-04-09T20:34:04.793430+00:00,917.16,1.41,0.0,4588.87,99.4,66.4474,0.17,74.2,63.4,65.8,0.3008,,0.9736,0.799,0.6491,0.8454,0.6082,0.452,98.7,82.5,,,,100.0,0.0,0.0,90.91,9.09,0.0,83.33,16.67,0.0,stable,improving,,16.2,0.3245,19.6,0,8,11,12,45.5,166.7,-100.0,66.7,9.5,56,100,91.4,98.0,292,513,412,58428,132190,93838,490840,1143580,850845,527054,292,201940,43,412579,257028,101,334717,379071,101,411792,302,373,645,89056,166785,735647,1464979,735647,0.4502,0.01,0.4748,-0.01,0.4988,0.6613,0.03,0.3535,-0.03,0.6201,0.5937,0.0182,0.43,-0.0182,0.5436,100,42,100,201940,147718,412579,0.7229,0.7944,0.4459,0.8206,0.8454,66.6,4.27,390,83.2,0.612,0.1,-0.56,-311,-17.4,-0.3112,257028,329745,334717,0.6548,0.5483,0.5577,0.5138,0.6082,73.3,4.25,677,80.5,0.5945,-6.6,-0.54,-598,-14.7,-0.2937,379071,442131,411792,0.4896,Strong,0.3969,0.4509,0.3822,0.452,Average,74.1,4.26,749,81.0,Average,0.6011,-7.4,-0.55,-670,-15.2,-0.3003,43,101,101,505,12,competitive,0.0048,13.37,2.4,16.7,71.4,9.5,3121,1002,competitive,0.0012,1.27,0.0,1.0,91.0,8.0,7956,5050,competitive,0.0011,0.32,0.0,2.0,84.0,14.0,0.036,0.5097,-0.036,0.4639,100,101,206,356,380,0.4926,0.1163,0.0594,0.1584,0.1658,74.7,4.28,723,81.6,0.6102,-8.0,-0.57,-644,-15.8,-0.3094,competitive,0.0011,0.97,0.0,1.0,88.0,11.0,0.2498,0.23,4.75,0.1191,0.7523,-0.1191,0.2213,100,101,47460,91302,85567,0.5361,0.1114,0.1686,0.188,0.2044,82.2,4.78,1880,95.3,0.8607,-15.5,-1.07,-1801,-29.5,-0.5599,competitive,0.0004,0.0002,1.28,0.02,0.2984,0.08,0.3009,-0.08,0.6727,793989,61.4,3.79,385,76.0,0.4601,5.3,-0.08,-306,-0.1593,0.5672,0.1556,0.336,0.2542,0.2965,340927,0.3744,-10.2,667984,526092,25.1,59.3,4.4,11.2,793990,88,64.4,3.96,494,71.3,0.4126,2.3,-0.25,-415,-0.1118,0.5287,0.2184,0.1954,0.2759,0.2759,41,71.62,2.74,0.2989,88,6.36,1571,1520,0.4598,4597.93,0.03,395382,93,0.0048,47.54,0.23,232.56,0.01,99.01,0.01,99.01,0.01,99.01,0.0,99.01,-1.2,0.0,0,0.0,-56.0,,,,,,0.01,10891,-0.012,-31.14,-197534,0.274,0.05,-20556,0.032,-31.41,-147008,0.205,0.04,-3369,0.012,-31.65,-19632,0.038,-0.05,10,-0.021,-31.75,-442367,0.041,-0.07,4602,-0.038,-31.8,-397384,0.084,0.3008,,,79,0.0,0.0,0.0,0.0,decelerating,0.27,1.87,8.00,8,11,13,0.848,0.854,0.854,0.923,0.947,119524,124212,124100,1,159,accelerating,0.24,,74.36
DE864UBG,Wingstop,Food and Drink,Restaurants,Chicken wings restaurant,Chicken wings restaurant,"160 E Ontario Ave STE 101, Corona, CA 92879",160 E Ontario Ave STE 101,Corona,California,,South Corona,92879,US,True,33.8558781,-117.56867199999999,America/Los_Angeles,(951) 27*-****,2,,TRUE,TRUE,,True,Corona,California,US,https,https://wingstop.com/location/wingstop-347-corona-ca-92879/menu,wingstop.com/location/wingstop-347-corona-ca-92879/menu,wingstop.com,com,10636,1997-03-01,2027-12-02,"GoDaddy Corporate Domains, LLC","purchase_dataset@wingstop.com, purchase_dataset@wingstop.com, purchase_dataset@wingstop.com, purchase_dataset@jefferies.com, purchase_dataset@computershare.com, purchase_dataset@icrinc.com",realdomain,6,6,0,Casual counter-serve chain serving a variety of chicken wings & sides.,TRUE,TRUE,3.9,671,"{""1"": 128, ""2"": 26, ""3"": 43, ""4"": 64, ""5"": 424}","Outdoor seating, No-contact delivery, Delivery, Onsite services, Takeout, Dine-in",Sports,"Lunch, Dinner, Solo dining","Wheelchair accessible entrance, Wheelchair accessible parking lot, Wheelchair accessible restroom, Wheelchair accessible seating","Comfort food, Late-night food, Quick bite, Small plates","Lunch, Dinner, Counter service, Dessert, Seating",Restroom,"Casual, Cozy, Trendy","College students, Family-friendly, Groups, Tourists",Usually a wait,"Credit cards, Debit cards, NFC mobile payments",Good for kids,TRUE,TRUE,purchase_dataset@,TRUE,TRUE,7,2025-07-14,2026-03-09,274,36,92,274,274,36,36,https://www.instagram.com/wingstop,wingstop,https://www.facebook.com/wingstop,wingstop,https://twitter.com/wingstop,wingstop,https://www.tiktok.com/@wingstop,wingstop,https://www.linkedin.com/company/wingstop-restaurants-inc-,wingstop-restaurants-inc-,https://www.youtube.com/wingstop,wingstop,,,,,https://www.pinterest.com/wingstop,wingstop,764945,1.58,,0.28,0.48,1.58,792,1006376,753,8126798,1.94,,3.36,1.99,1.94,https://wingstop.com/location/wingstop-347-corona-ca-92879/menu,,,2026-04-09T20:33:10.350332+00:00,570.0,0.0,0.0,4701.26,70.8,66.4474,0.17,78.0,94.2,70.6,0.3958,,1.0,0.1673,-0.0589,0.6677,0.6629,0.5089,100.0,47.1,,,,100.0,0.0,0.0,56.25,37.5,6.25,45.0,50.0,5.0,stable,improving,,52.9,1.0589,112.3,0,2,16,20,-75.0,-60.0,-100.0,78.1,27.4,96,100,92.8,98.0,83,473,101,16722,123049,22763,174660,1060967,248454,187347,83,151041,13,349659,252421,101,410811,414670,101,490352,276,373,645,89056,166785,735647,1464979,735647,0.4187,-0.0014,0.4703,0.0014,0.5297,0.6686,0.0167,0.3889,-0.0167,0.6111,0.5818,0.0425,0.5152,-0.0425,0.4848,100,12,100,151041,259008,349659,0.7921,0.6427,0.53,0.4461,0.6677,67.7,4.11,431,76.3,0.5395,10.4,-0.21,240,-5.7,-0.1437,252421,289676,410811,0.6613,0.6005,0.4572,0.5779,0.6629,73.4,4.28,604,81.4,0.6113,4.7,-0.38,67,-10.8,-0.2155,414670,395043,490352,0.4432,Strong,0.4582,0.3466,0.4558,0.5089,Average,73.3,4.3,641,82.2,Average,0.6191,4.8,-0.4,30,-11.6,-0.2233,13,101,101,353,76,moderate,0.1149,3.82,0.0,25.0,66.7,8.3,3295,1440,competitive,0.011,1.27,0.0,0.0,90.0,10.0,6989,5004,competitive,0.0104,0.32,0.0,3.0,86.0,11.0,0.036,0.4942,-0.036,0.5058,100,101,39,323,111,0.9035,0.198,0.7252,0.2426,0.2475,74.5,4.27,727,81.4,0.6057,3.6,-0.37,-56,-10.8,-0.2099,competitive,0.0091,0.97,0.0,1.0,88.0,11.0,0.6384,0.23,4.74,0.1191,0.7506,-0.1191,0.2494,100,101,9217,84548,53728,0.9077,0.1755,0.4675,0.2475,0.271,82.2,4.78,1877,95.2,0.8602,-4.1,-0.88,-1206,-24.6,-0.4644,competitive,0.0036,0.0002,1.28,0.02,0.5559,0.08,0.3009,-0.08,0.6991,793989,61.4,3.79,385,76.0,0.4601,16.7,0.11,286,-0.0643,0.9191,0.219,0.7639,0.3133,0.3753,62405,0.6625,-5.4,617058,187126,25.1,59.3,4.4,11.2,793990,88,64.4,3.96,494,71.3,0.4126,13.7,-0.06,177,-0.0168,0.9425,0.3908,0.6782,0.4483,0.4483,6,71.62,4.46,0.3793,88,6.36,1571,1520,0.4627,4626.5,0.03,395382,93,0.0047,47.48,132.1,769.23,1.21,99.01,1.07,99.01,0.84,99.01,0.13,99.01,9.1,0.0,-1,0.1,17.9,,,,,,-0.02,51627,-0.07,-62.73,29009,-0.038,0.06,-54060,0.077,-62.82,128987,-0.169,0.03,-1924,0.011,-62.98,292118,-0.387,0.13,-142,0.35,-62.86,-133889,0.071,0.01,-29685,0.295,-63.04,-125124,0.075,0.3958,,,671,0.03,1.0,1.0,0.618,decelerating,0.03,0.23,1.00,1,5,22,0.502,0.511,0.512,1.000,0.618,255757,268998,267956,1,95,decelerating,0.03,,76.08
SHKXWZC7,Wingstop,Food and Drink,Restaurants,Chicken wings restaurant,"Chicken wings restaurant, Chicken restaurant, Restaurant","529 McKinley St Suite 103, Corona, CA 92879",529 McKinley St Suite 103,Corona,California,,,92879,US,True,33.8910323,-117.5205455,America/Los_Angeles,(951) 94*-****,2,,TRUE,TRUE,,True,Corona,California,US,https,https://wingstop.com/location/wingstop-2574-corona-ca-92879/menu,wingstop.com/location/wingstop-2574-corona-ca-92879/menu,wingstop.com,com,10636,1997-03-01,2027-12-02,"GoDaddy Corporate Domains, LLC","purchase_dataset@wingstop.com, purchase_dataset@wingstop.com, purchase_dataset@wingstop.com, purchase_dataset@jefferies.com, purchase_dataset@computershare.com, purchase_dataset@icrinc.com",realdomain,6,6,0,Casual counter-serve chain serving a variety of chicken wings & sides.,TRUE,TRUE,4.45,118,"{""1"": 11, ""2"": 4, ""3"": 4, ""4"": 1, ""5"": 98}","No-contact delivery, Delivery, Onsite services, Takeout, Dine-in",,"Lunch, Dinner, Solo dining","Wheelchair accessible entrance, Wheelchair accessible parking lot, Wheelchair accessible restroom, Wheelchair accessible seating","Comfort food, Late-night food, Quick bite, Small plates","Lunch, Dinner, Counter service, Dessert, Seating",Restroom,Casual,"College students, Family-friendly, Groups",,"Credit cards, Debit cards, NFC mobile payments",Good for kids,FALSE,TRUE,purchase_dataset@,TRUE,TRUE,7,2025-07-14,2026-03-09,274,36,92,274,274,36,36,https://www.instagram.com/wingstop,wingstop,https://www.facebook.com/wingstop,wingstop,https://twitter.com/wingstop,wingstop,https://www.tiktok.com/@wingstop,wingstop,https://www.linkedin.com/company/wingstop-restaurants-inc-,wingstop-restaurants-inc-,https://www.youtube.com/wingstop,wingstop,,,,,https://www.pinterest.com/wingstop,wingstop,764945,1.58,,0.28,0.48,1.58,792,1006376,753,8126798,1.94,,3.36,1.99,1.94,https://wingstop.com/location/wingstop-2574-corona-ca-92879/menu,,,2026-04-09T20:32:56.125218+00:00,570.0,0.2,0.0,4672.36,70.8,66.4474,0.17,89.0,69.2,83.9,0.6692,,-0.9614,-0.0506,0.3294,0.5129,0.7017,0.4786,1.9,66.5,,,,0.0,100.0,0.0,40.0,40.0,20.0,63.64,31.82,4.55,stable,declining,,-64.6,-1.2908,-97.1,0,1,5,22,-60.0,-81.8,-100.0,67.3,9.5,96,100,27.0,98.0,269,220,360,52986,60741,82179,451768,580517,755119,484354,269,463888,53,392699,204127,101,385950,359731,101,265896,108,373,645,89056,166785,735647,1464979,735647,0.5275,0.0402,0.4895,-0.0402,-1.4509,0.4112,0.0,0.3207,0.0,-1.2821,0.633,0.05,0.5143,-0.05,-1.4757,100,52,100,463888,438112,392699,0.3719,0.4024,0.4724,0.4345,0.5129,62.1,3.9,403,76.1,0.4922,5.2,0.55,-285,7.8,0.177,204127,249210,385950,0.7246,0.6539,0.4899,0.6339,0.7017,74.4,4.31,628,82.2,0.6232,-7.1,0.14,-510,1.7,0.046,359731,419130,265896,0.5148,Average,0.4268,0.6451,0.4184,0.4786,Average,74.5,4.28,919,81.6,Average,0.6098,-7.2,0.17,-801,2.3,0.0594,53,101,101,444,18,competitive,0.0056,16.55,11.5,23.1,63.5,1.9,3700,1005,competitive,0.0019,1.27,0.0,1.0,82.0,17.0,7178,5100,competitive,0.0013,0.32,0.0,1.0,88.0,11.0,0.036,0.5097,-0.036,-1.4711,100,101,198,117,374,0.5124,0.698,0.0743,0.6262,0.6733,74.7,4.28,723,81.6,0.6102,-7.4,0.17,-605,2.3,0.059,competitive,0.0016,0.97,0.0,1.0,88.0,11.0,0.4366,0.23,4.75,0.1191,0.7491,-0.1191,-1.7105,100,101,45287,42538,81791,0.5572,0.5764,0.2054,0.5441,0.576,82.2,4.78,1876,95.3,0.8609,-14.9,-0.33,-1758,-11.4,-0.1917,competitive,0.0006,0.0002,1.28,0.02,0.4574,0.08,0.3009,-0.08,-1.2623,793989,61.4,3.79,385,76.0,0.4601,5.9,0.66,-267,0.2091,0.5874,0.5749,0.3892,0.5902,0.6869,324980,0.5242,7.9,330741,483982,25.1,59.3,4.4,11.2,793990,88,64.4,3.96,494,71.3,0.4126,2.9,0.49,-376,0.2566,0.5747,0.8276,0.2184,0.8161,0.8621,38,71.62,13.97,0.7586,88,6.36,1571,1520,0.4598,4597.93,0.03,395382,93,0.0047,47.44,0.31,188.68,0.04,99.01,0.02,99.01,0.03,99.01,0.0,99.01,-9.8,0.0,0,0.0,-27.9,,,,,,-0.01,40819,-0.047,-58.09,244269,-0.324,0.05,-25760,0.038,-57.97,-17865,0.028,0.05,-7265,0.017,-58.07,140274,-0.182,-0.16,127,-0.304,-58.16,-241687,-0.187,-0.19,32269,-0.312,-58.24,-197503,-0.143,0.6692,,,118,0.0,0.0,0.0,0.0,decelerating,0.03,0.23,1.00,1,3,35,0.281,0.292,0.294,0.000,0.229,528654,556970,554104,5,389,stable,0.03,,85.59
